"","X","id","Tundra","Low_Shrub","Bare_Ground","Tall_Shrub_Forest","Wetlands"
"1",1,"KOUG_4_19_16",0.0339285714285714,0.0321428571428571,0.0267857142857143,0.792857142857143,0.0607142857142857
"2",2,"KOUG_4_19_19",0.053475935828877,0.172905525846702,0,0.773618538324421,0
"3",3,"KOUG_4_19_21",0.00540540540540541,0.0468468468468468,0,0.947747747747748,0
"4",4,"KOUG_4_19_1",0.0071301247771836,0.035650623885918,0.0196078431372549,0.869875222816399,0.0142602495543672
"5",5,"KOUG_4_19_6",0.0306306306306306,0.0216216216216216,0.00900900900900901,0.917117117117117,0
"6",6,"KOUG_4_19_12",0.144385026737968,0.112299465240642,0.0124777183600713,0.645276292335116,0.0267379679144385
"7",7,"KOUG_4_19_8",0.147747747747748,0.120720720720721,0.027027027027027,0.427027027027027,0.126126126126126
"8",8,"KOUG_4_19_11",0.0379061371841155,0.113718411552347,0.01985559566787,0.747292418772563,0.0812274368231047
"9",9,"KOUG_4_19_7",0,0,0.0160714285714286,0.935714285714286,0.0482142857142857
"10",10,"KOUG_4_19_10",0,0.202846975088968,0,0.797153024911032,0
"11",11,"KOUG_4_19_15",0.00900900900900901,0.0540540540540541,0,0.936936936936937,0
"12",12,"TELL_5_16_24",0.0017825311942959,0.171122994652406,0,0.778966131907308,0
"13",13,"TELL_5_16_26",0.0681003584229391,0.0716845878136201,0,0.860215053763441,0
"14",14,"TELL_5_16_25",0.491103202846975,0.240213523131673,0.0213523131672598,0.247330960854093,0
"15",15,"TELL_5_16_23",0.0925266903914591,0.165480427046263,0,0.741992882562278,0
"16",16,"TELL_5_16_20",0.103074141048825,0.206148282097649,0,0.690777576853526,0
"17",17,"TELL_5_16_22",0.0357142857142857,0.135714285714286,0,0.828571428571429,0
"18",18,"KOUG_4_6_13",0.0249554367201426,0.0606060606060606,0.0249554367201426,0.771836007130125,0.0588235294117647
"19",19,"KOUG_4_6_18",0.01985559566787,0.306859205776173,0,0.561371841155235,0.0451263537906137
"20",20,"KOUG_4_6_29",0.0894454382826476,0.618962432915921,0.0161001788908766,0.275491949910555,0
"21",21,"KOUG_4_6_24",0.344703770197487,0.29443447037702,0.0161579892280072,0.217235188509874,0.0107719928186715
"22",22,"KOUG_4_6_32",0,0.053475935828877,0,0.946524064171123,0
"23",23,"KOUG_4_6_34",0.0106761565836299,0.286476868327402,0,0.702846975088968,0
"24",24,"KOUG_4_6_31",0,0.875,0,0.125,0
"25",25,"KOUG_4_6_28",0,0.354723707664884,0,0.645276292335116,0
"26",26,"KOUG_4_6_23",0.0949820788530466,0.57168458781362,0.0232974910394265,0.310035842293907,0
"27",27,"TELL_4_4_12",0.297491039426523,0.593189964157706,0,0.0501792114695341,0
"28",28,"TELL_4_4_8",0.146167557932264,0.46524064171123,0,0.388591800356506,0
"29",29,"TELL_4_4_4",0.252707581227437,0.0992779783393502,0,0.648014440433213,0
"30",30,"TELL_4_4_9",0.693140794223827,0.259927797833935,0,0.0469314079422383,0
"31",31,"TELL_4_4_14",0.459893048128342,0.418894830659537,0,0.121212121212121,0
"32",32,"TELL_4_4_18",0.108303249097473,0.32129963898917,0,0.570397111913357,0
"33",33,"TELL_4_4_21",0.306595365418895,0.377896613190731,0,0.265597147950089,0
"34",34,"TELL_4_4_24",0.336917562724014,0.492831541218638,0,0.170250896057348,0
"35",35,"TELL_4_4_26",0.307142857142857,0.621428571428571,0,0.0714285714285714,0
"36",36,"TELL_4_4_23",0.431372549019608,0.301247771836007,0,0.263814616755793,0
"37",37,"COUN_3_12_1",0,0.0625,0.0446428571428571,0.728571428571429,0.0964285714285714
"38",38,"COUN _3_12_4",0.0161001788908766,0.0966010733452594,0.0805008944543828,0.796064400715564,0.0107334525939177
"39",39,"COUN_3_12_7",0.0788530465949821,0.00537634408602151,0,0.915770609318996,0
"40",40,"COUN_3_12_9",0.162790697674419,0.189624329159213,0.0250447227191413,0.602862254025045,0.0196779964221825
"41",41,"COUN_3_12_11",0.503571428571429,0.232142857142857,0.00178571428571429,0.2625,0
"42",42,"COUN_3_12_13",0.295698924731183,0.494623655913978,0.10752688172043,0.102150537634409,0
"43",43,"COUN_3_12_10",0.239208633093525,0.194244604316547,0.212230215827338,0.35431654676259,0
"44",44,"COUN_3_12_8",0.37567084078712,0.300536672629696,0.130590339892665,0.193202146690519,0
"45",45,"COUN_3_12_6",0.283662477558348,0.565529622980251,0,0.1508078994614,0
"46",46,"KOUG_4_21_5",0.230496453900709,0.549645390070922,0,0.154255319148936,0
"47",47,"KOUG_4_21_8",0.164579606440072,0.835420393559928,0,0,0
"48",48,"KOUG_4_21_12",0.024822695035461,0.966312056737589,0.00886524822695036,0,0
"49",49,"KOUG_4_21_15",0.236462093862816,0.763537906137184,0,0,0
"50",50,"KOUG_4_21_18",0.114081996434938,0.843137254901961,0.0427807486631016,0,0
"51",51,"KOUG_4_21_22",0.0374331550802139,0.786096256684492,0.176470588235294,0,0
"52",52,"KOUG_4_21_17",0.0017921146953405,0.967741935483871,0.0304659498207885,0,0
"53",53,"KOUG_4_21_21",0.00902527075812274,0.978339350180505,0.0126353790613718,0,0
"54",54,"KOUG_4_21_26",0,0.973262032085562,0.0267379679144385,0,0
"55",55,"KOUG_4_21_20",0.017921146953405,0.971326164874552,0,0.010752688172043,0
"56",56,"KOUG_4_21_16",0.0759493670886076,0.924050632911392,0,0,0
"57",57,"KOUG_4_21_14",0.164285714285714,0.753571428571429,0.00357142857142857,0.0428571428571429,0
"58",58,"COUN_5_12_1",0.117328519855596,0.362815884476534,0.0703971119133574,0.11913357400722,0.270758122743682
"59",59,"COUN_5_12_2",0.102702702702703,0.412612612612613,0.0720720720720721,0.30990990990991,0.0522522522522522
"60",60,"COUN_5_12_5",0.4375,0.416071428571429,0,0.105357142857143,0.0410714285714286
"61",61,"COUN_5_12_9",0.345811051693405,0.442067736185383,0,0.172905525846702,0.0392156862745098
"62",62,"COUN_5_12_14",0.576785714285714,0.310714285714286,0,0.0928571428571429,0.0196428571428571
"63",63,"COUN_5_12_10",0.382978723404255,0.530141843971631,0,0.0868794326241135,0
"64",64,"COUN_5_12_7",0.036036036036036,0.493693693693694,0,0.403603603603604,0
"65",65,"COUN_4_10_10",0.35650623885918,0.502673796791444,0.0017825311942959,0.13903743315508,0
"66",66,"COUN_4_10_15",0.0716845878136201,0.629032258064516,0,0.299283154121864,0
"67",67,"COUN_4_10_11",0.263814616755793,0.270944741532977,0,0.46524064171123,0
"68",68,"COUN_4_10_16",0.0483870967741935,0.335125448028674,0,0.616487455197133,0
"69",69,"COUN_4_10_12",0.245931283905967,0.540687160940326,0,0.213381555153707,0
"70",70,"COUN_4_10_8",0.0909090909090909,0.0819964349376114,0,0.827094474153298,0
"71",71,"COUN_4_10_4",0.196428571428571,0.367857142857143,0,0.435714285714286,0
"72",72,"COUN_4_10_7",0.196428571428571,0.15,0,0.653571428571429,0
"73",73,"COUN_4_10_6",0.193950177935943,0.379003558718861,0,0.427046263345196,0
"74",74,"TELL_5_23_2",0.258467023172906,0.659536541889483,0,0.0819964349376114,0
"75",75,"TELL_5_23_4",0.0752688172043011,0.881720430107527,0,0.043010752688172,0
"76",76,"TELL_5_23_6",0.028673835125448,0.92831541218638,0.003584229390681,0.039426523297491,0
"77",77,"TELL_5_23_10",0.284436493738819,0.635062611806798,0.0339892665474061,0.0465116279069767,0
"78",78,"TELL_5_23_14",0.0355871886120996,0.895017793594306,0.0427046263345196,0.0266903914590747,0
"79",79,"TELL_5_23_11",0.113513513513514,0.673873873873874,0.0108108108108108,0.201801801801802,0
"80",80,"TELL_5_23_8",0.138790035587189,0.153024911032028,0,0.708185053380783,0
"81",81,"TELL_5_23_5",0.00720720720720721,0.0684684684684685,0,0.924324324324324,0
"82",82,"TELL_5_23_3",0.468694096601073,0.200357781753131,0,0.330948121645796,0
"83",83,"TELL_5_23_1",0.0756756756756757,0.0990990990990991,0,0.825225225225225,0
"84",84,"TELL_3_1_1",0.446043165467626,0.462230215827338,0.00359712230215827,0.0305755395683453,0.00359712230215827
"85",85,"TELL_3_1_5",0.351254480286738,0.648745519713262,0,0,0
"86",86,"TELL_3_1_9",0.160142348754448,0.839857651245552,0,0,0
"87",87,"TELL_3_1_13",0.285198555956679,0.714801444043321,0,0,0
"88",88,"TELL_3_1_16",0.246846846846847,0.753153153153153,0,0,0
"89",89,"TELL_3_1_20",0.389189189189189,0.610810810810811,0,0,0
"90",90,"TELL_3_1_17",0.307692307692308,0.681574239713775,0,0.0107334525939177,0
"91",91,"TELL_3_1_21",0.306306306306306,0.659459459459459,0.0342342342342342,0,0
"92",92,"TELL_3_1_18",0.237076648841355,0.762923351158645,0,0,0
"93",93,"TELL_3_1_14",0.0591397849462366,0.940860215053763,0,0,0
"94",94,"TELL_3_1_10",0.181818181818182,0.741532976827095,0,0.0320855614973262,0
"95",95,"COUN_4_14_23",0.646209386281588,0.294223826714801,0,0.0523465703971119,0.0072202166064982
"96",96,"COUN_4_14_25",0.483870967741935,0.258064516129032,0,0.003584229390681,0.254480286738351
"97",97,"COUN_4_14_24",0.561371841155235,0.355595667870036,0,0.0270758122743682,0.055956678700361
"98",98,"COUN_4_14_21",0.727109515260323,0.272890484739677,0,0,0
"99",99,"COUN_4_14_18",0.658886894075404,0.33572710951526,0,0.00538599640933573,0
"100",100,"COUN_4_14_15",0.590339892665474,0.286225402504472,0,0.035778175313059,0.0876565295169946
"101",101,"COUN_4_14_11",0.237076648841355,0.720142602495544,0,0.0249554367201426,0.017825311942959
"102",102,"COUN_4_14_14",0.191071428571429,0.680357142857143,0,0.05,0.0785714285714286
"103",103,"COUN_4_14_17",0.629963898916967,0.366425992779783,0,0,0.0036101083032491
"104",104,"COUN_4_14_20",0.183123877917415,0.70197486535009,0,0.0951526032315978,0.0197486535008977
"105",105,"KOUG_3_20_3",0,0.185383244206774,0.0053475935828877,0.807486631016043,0.0017825311942959
"106",106,"KOUG_3_20_6",0,0.292114695340502,0,0.693548387096774,0.014336917562724
"107",107,"KOUG_3_20_9",0.0464285714285714,0.35,0,0.594642857142857,0.00892857142857143
"108",108,"KOUG_3_20_13",0.032258064516129,0.311827956989247,0,0.655913978494624,0
"109",109,"KOUG_3_20_17",0.0430879712746858,0.741472172351885,0.00179533213644524,0.213644524236984,0
"110",110,"KOUG_3_20_20",0.096085409252669,0.830960854092527,0.0729537366548043,0,0
"111",111,"KOUG_3_20_16",0.120071684587814,0.879928315412186,0,0,0
"112",112,"KOUG_3_20_11",0.152329749103943,0.845878136200717,0,0.0017921146953405,0
"113",113,"KOUG_3_20_8",0.0234657039711191,0.702166064981949,0,0.274368231046931,0
"114",114,"KOUG_3_20_5",0.114285714285714,0.576785714285714,0,0.308928571428571,0
"115",115,"TELL_4_18_21",0.747779751332149,0.252220248667851,0,0,0
"116",116,"TELL_4_18_22",0.36036036036036,0.616216216216216,0,0.0234234234234234,0
"117",117,"TELL_4_18_20",0.541071428571429,0.458928571428571,0,0,0
"118",118,"TELL_4_18_18",0.50179211469534,0.498207885304659,0,0,0
"119",119,"TELL_4_18_17",0.349462365591398,0.594982078853047,0,0.0555555555555556,0
"120",120,"TELL_4_18_16",0.0858676207513417,0.715563506261181,0,0.198568872987478,0
"121",121,"TELL_4_18_13",0,0.168173598553345,0,0.831826401446655,0
"122",122,"TELL_4_18_15",0.246869409660107,0.470483005366726,0,0.282647584973166,0
"123",123,"TELL_4_18_19",0.538324420677362,0.461675579322638,0,0,0
"124",124,"TELL_2_22_14",0.740213523131673,0.183274021352313,0,0.0765124555160142,0
"125",125,"TELL_2_22_12",0.64349376114082,0.308377896613191,0.0249554367201426,0.0231729055258467,0
"126",126,"TELL_2_22_10",0.305357142857143,0.585714285714286,0.108928571428571,0,0
"127",127,"TELL_2_22_11",0.0910714285714286,0.832142857142857,0.0767857142857143,0,0
"128",128,"TELL_2_22_13",0.590252707581227,0.229241877256318,0.0613718411552347,0.11913357400722,0
"129",129,"TELL_2_22_15",0.551601423487544,0.346975088967972,0.0480427046263345,0.0533807829181495,0
"130",130,"TELL_2_22_17",0.468354430379747,0.479204339963834,0,0.0524412296564195,0
"131",131,"TELL_2_22_19",0.675,0.160714285714286,0.0607142857142857,0.0714285714285714,0.0321428571428571
"132",132,"TELL_2_22_18",0.582437275985663,0.302867383512545,0.0752688172043011,0.0304659498207885,0.00896057347670251
"133",133,"TELL_2_22_16",0.731182795698925,0.234767025089606,0.003584229390681,0.0304659498207885,0
"134",134,"COUN_3_19_3",0.606822262118492,0.299820466786355,0,0.0933572710951526,0
"135",135,"COUN_3_19_7",0.319642857142857,0.228571428571429,0,0.451785714285714,0
"136",136,"COUN_3_19_11",0.24187725631769,0.40072202166065,0.01985559566787,0.337545126353791,0
"137",137,"COUN_3_19_14",0.210053859964093,0.66786355475763,0,0.122082585278276,0
"138",138,"COUN_3_19_17",0.0271739130434783,0.161231884057971,0,0.811594202898551,0
"139",139,"COUN_3_19_19",0.0763765541740675,0.563055062166963,0,0.36056838365897,0
"140",140,"COUN_3_19_16",0.23869801084991,0.622061482820977,0,0.139240506329114,0
"141",141,"COUN_3_19_13",0.156583629893238,0.50711743772242,0,0.336298932384342,0
"142",142,"COUN_3_19_10",0.245519713261649,0.697132616487455,0,0.0573476702508961,0
"143",143,"COUN_3_19_6",0.206773618538324,0.281639928698752,0,0.511586452762923,0
"144",144,"TELL_4_9_24",0.463587921847247,0.488454706927176,0,0.0479573712255773,0
"145",145,"TELL_4_9_21",0.635379061371841,0.364620938628159,0,0,0
"146",146,"TELL_4_9_18",0.554954954954955,0.445045045045045,0,0,0
"147",147,"TELL_4_9_15",0.566844919786096,0.433155080213904,0,0,0
"148",148,"TELL_4_9_12",0.180357142857143,0.819642857142857,0,0,0
"149",149,"TELL_4_9_7",0.272563176895307,0.727436823104693,0,0,0
"150",150,"TELL_4_9_3",0.495559502664298,0.504440497335702,0,0,0
"151",151,"TELL_4_9_6",0.513368983957219,0.479500891265597,0,0.0071301247771836,0
"152",152,"TELL_4_9_10",0.510869565217391,0.41304347826087,0,0.0489130434782609,0.0271739130434783
"153",153,"TELL_4_9_17",0.464737793851718,0.535262206148282,0,0,0
"154",154,"TELL_3_21_1",0.576576576576577,0.336936936936937,0,0.0126126126126126,0
"155",155,"TELL_3_21_2",0.37251356238698,0.55877034358047,0,0,0.00180831826401447
"156",156,"TELL_3_21_4",0.244206773618538,0.700534759358289,0,0,0
"157",157,"TELL_3_21_6",0.54136690647482,0.45863309352518,0,0,0
"158",158,"TELL_3_21_9",0.618538324420677,0.270944741532977,0.0944741532976827,0.0160427807486631,0
"159",159,"TELL_3_21_8",0.355871886120996,0.638790035587189,0,0.00533807829181495,0
"160",160,"TELL_3_21_10",0.53309481216458,0.261180679785331,0.159212880143113,0.0465116279069767,0
"161",161,"TELL_3_21_7",0.642857142857143,0.301785714285714,0.0446428571428571,0.0107142857142857,0
"162",162,"TELL_3_21_5",0.0913978494623656,0.768817204301075,0.139784946236559,0,0
"163",163,"TELL_3_21_3",0.172905525846702,0.771836007130125,0.0392156862745098,0,0
"164",164,"KOUG_1_3_17",0.501798561151079,0.246402877697842,0,0.242805755395683,0.00899280575539568
"165",165,"KOUG_1_3_15",0.454706927175844,0.284191829484902,0,0.261101243339254,0
"166",166,"KOUG_1_3_13",0.2375,0.45,0,0.3125,0
"167",167,"KOUG_1_3_11",0.234875444839858,0.626334519572954,0,0.138790035587189,0
"168",168,"KOUG_1_3_8",0.206773618538324,0.704099821746881,0,0.089126559714795,0
"169",169,"KOUG_1_3_6",0.326126126126126,0.664864864864865,0,0.00900900900900901,0
"170",170,"KOUG_1_3_3",0.0948121645796064,0.856887298747764,0,0.0483005366726297,0
"171",171,"KOUG_1_3_5",0.196779964221825,0.765652951699463,0,0.037567084078712,0
"172",172,"KOUG_1_3_7",0.0738738738738739,0.864864864864865,0,0.0612612612612613,0
"173",173,"KOUG_1_3_10",0.0573476702508961,0.910394265232975,0,0.032258064516129,0
"174",174,"KOUG_1_17_14",0.0854092526690391,0.679715302491103,0,0.170818505338078,0
"175",175,"KOUG_1_17_11",0.117229129662522,0.776198934280639,0,0.0621669626998224,0
"176",176,"KOUG_1_17_8",0.0234657039711191,0.832129963898917,0,0.144404332129964,0
"177",177,"KOUG_1_17_5",0.043010752688172,0.946236559139785,0,0.010752688172043,0
"178",178,"KOUG_1_17_2",0.0392156862745098,0.903743315508021,0,0.0071301247771836,0
"179",179,"KOUG_1_17_4",0.0464285714285714,0.839285714285714,0,0.05,0
"180",180,"KOUG_1_17_1",0.0035650623885918,0.889483065953654,0,0.106951871657754,0
"181",181,"KOUG_1_17_3",0.0792792792792793,0.720720720720721,0,0.2,0
"182",182,"KOUG_1_17_7",0.0469314079422383,0.740072202166065,0,0.194945848375451,0
"183",183,"KOUG_1_17_10",0.0378378378378378,0.962162162162162,0,0,0
"184",184,"COUN_3_10_18",0.317773788150808,0.231597845601436,0.296229802513465,0.125673249551167,0.0287253141831239
"185",185,"COUN_3_10_14",0.184070796460177,0.251327433628319,0,0.564601769911504,0
"186",186,"COUN_3_10_10",0.313167259786477,0.418149466192171,0.00177935943060498,0.263345195729537,0.00355871886120996
"187",187,"COUN_3_10_13",0.261648745519713,0.270609318996416,0,0.467741935483871,0
"188",188,"COUN_3_10_16",0.180357142857143,0.357142857142857,0,0.4625,0
"189",189,"COUN_3_10_20",0.368983957219251,0.540106951871658,0,0.0909090909090909,0
"190",190,"COUN_3_10_25",0.30990990990991,0.551351351351351,0,0.138738738738739,0
"191",191,"COUN_3_10_29",0.114130434782609,0.231884057971014,0,0.653985507246377,0
"192",192,"COUN_3_10_26",0.279359430604982,0.701067615658363,0,0.0195729537366548,0
"193",193,"COUN_3_10_22",0.260397830018083,0.164556962025316,0,0.5750452079566,0
"194",194,"TELL_1_19_4",0.0124555160142349,0.355871886120996,0,0.631672597864769,0
"195",195,"TELL_1_19_7",0.0125223613595707,0.243291592128801,0,0.744186046511628,0
"196",196,"TELL_1_19_12",0.0449640287769784,0.255395683453237,0,0.699640287769784,0
"197",197,"TELL_1_19_17",0.103386809269162,0.759358288770054,0,0.137254901960784,0
"198",198,"TELL_1_19_13",0.172101449275362,0.769927536231884,0,0.0579710144927536,0
"199",199,"TELL_1_19_18",0.107913669064748,0.73021582733813,0,0.161870503597122,0
"200",200,"TELL_1_19_21",0.112299465240642,0.415329768270945,0,0.472370766488414,0
"201",201,"TELL_1_19_19",0.122302158273381,0.732014388489209,0,0.14568345323741,0
"202",202,"TELL_1_19_14",0.0610412926391382,0.938958707360862,0,0,0
"203",203,"TELL_1_19_9",0.136445242369838,0.752244165170557,0,0.111310592459605,0
"204",204,"TELL_1_19_8",0.1875,0.291071428571429,0,0.521428571428571,0
"205",205,"TELL_1_19_5",0,0.153429602888087,0,0.846570397111913,0
"206",206,"TELL_1_6_5",0.344086021505376,0.442652329749104,0,0.21326164874552,0
"207",207,"TELL_1_6_8",0.430879712746858,0.473967684021544,0,0.0951526032315979,0
"208",208,"TELL_1_6_11",0.141831238779174,0.258527827648115,0,0.599640933572711,0
"209",209,"TELL_1_6_14",0.073345259391771,0.858676207513417,0,0.0679785330948122,0
"210",210,"TELL_1_6_12",0.0588235294117647,0.600713012477718,0,0.340463458110517,0
"211",211,"TELL_1_6_10",0.0941385435168739,0.769094138543517,0,0.136767317939609,0
"212",212,"TELL_1_6_9",0.284191829484902,0.532859680284192,0,0.182948490230906,0
"213",213,"TELL_1_6_6",0.498220640569395,0.323843416370107,0,0.177935943060498,0
"214",214,"TELL_1_6_2",0.616755793226381,0.340463458110517,0,0.0427807486631016,0
"215",215,"TELL_1_6_1",0.498214285714286,0.139285714285714,0,0.339285714285714,0.0232142857142857
"216",216,"TELL_5_10_1",0.13854351687389,0.538188277087034,0,0.323268206039076,0
"217",217,"TELL_5_10_2",0.0379061371841155,0.279783393501805,0,0.682310469314079,0
"218",218,"TELL_5_10_3",0.0730837789661319,0.716577540106952,0.0213903743315508,0.188948306595365,0
"219",219,"TELL_5_10_5",0.237076648841355,0.693404634581105,0.0124777183600713,0.0570409982174688,0
"220",220,"TELL_5_10_9",0.10431654676259,0.753597122302158,0.00359712230215827,0.138489208633094,0
"221",221,"TELL_5_10_6",0.0355239786856128,0.595026642984014,0.00177619893428064,0.367673179396092,0
"222",222,"TELL_5_10_10",0.00177935943060498,0.848754448398576,0,0.149466192170818,0
"223",223,"TELL_5_10_7",0.0451263537906137,0.913357400722022,0,0.0415162454873646,0
"224",224,"TELL_5_10_4",0.0944741532976827,0.288770053475936,0,0.616755793226381,0
"225",225,"COUN_2_17_19",0.146167557932264,0.269162210338681,0.0089126559714795,0.472370766488414,0.0427807486631016
"226",226,"COUN_2_17_17",0.165480427046263,0.512455516014235,0,0.322064056939502,0
"227",227,"COUN_2_17_15",0.195298372513562,0.692585895117541,0,0.112115732368897,0
"228",228,"COUN_2_17_13",0.10752688172043,0.453405017921147,0,0.439068100358423,0
"229",229,"COUN_2_17_11",0,0.913513513513514,0.0306306306306306,0.0558558558558559,0
"230",230,"COUN_2_17_8",0.151515151515152,0.641711229946524,0,0.206773618538324,0
"231",231,"COUN_2_17_10",0.0938628158844765,0.157039711191336,0,0.749097472924188,0
"232",232,"COUN_2_17_7",0.0789946140035907,0.547576301615799,0,0.37342908438061,0
"233",233,"COUN_2_17_9",0.136200716845878,0.541218637992832,0,0.32258064516129,0
"234",234,"COUN_2_17_14",0.235611510791367,0.357913669064748,0,0.406474820143885,0
"235",235,"COUN_1_3_1",0,0.171790235081374,0,0.828209764918626,0
"236",236,"COUN_1_3_4",0.0744101633393829,0.479128856624319,0,0.446460980036298,0
"237",237,"COUN_1_3_7",0.1125,0.369642857142857,0,0.517857142857143,0
"238",238,"COUN_1_3_9",0.052064631956912,0.262118491921005,0,0.685816876122083,0
"239",239,"COUN_1_3_12",0.0285204991087344,0.572192513368984,0,0.399286987522282,0
"240",240,"COUN_1_3_14",0.0124777183600713,0.438502673796791,0.0231729055258467,0.525846702317291,0
"241",241,"COUN_1_3_11",0.00714285714285714,0,0,0.992857142857143,0
"242",242,"COUN_1_3_8",0,0.278776978417266,0,0.721223021582734,0
"243",243,"COUN_1_3_6",0.0390763765541741,0.373001776198934,0,0.587921847246892,0
"244",244,"COUN_1_3_3",0.0249554367201426,0.388591800356506,0,0.586452762923351,0
"245",245,"COUN_4_19_1",0.178890876565295,0.31484794275492,0,0.506261180679785,0
"246",246,"COUN_4_19_4",0.148745519713262,0.530465949820789,0.0197132616487455,0.301075268817204,0
"247",247,"COUN_4_19_5",0.169675090252708,0.223826714801444,0,0.575812274368231,0.0306859205776173
"248",248,"COUN_4_19_8",0.0549645390070922,0.127659574468085,0.0372340425531915,0.780141843971631,0
"249",249,"COUN_4_19_13",0.28698752228164,0.547237076648841,0,0.165775401069519,0
"250",250,"COUN_4_19_16",0.204991087344029,0.761140819964349,0.0231729055258467,0.0106951871657754,0
"251",251,"COUN_4_19_9",0.166965888689408,0.21903052064632,0,0.614003590664273,0
"252",252,"COUN_4_19_6",0.0574506283662478,0.319569120287253,0,0.622980251346499,0
"253",253,"COUN_4_19_2",0.2375,0.642857142857143,0,0.119642857142857,0
"254",254,"TELL_2_18_29",0.689839572192513,0.303030303030303,0,0.0071301247771836,0
"255",255,"TELL_2_18_24",0.892857142857143,0.107142857142857,0,0,0
"256",256,"TELL_2_18_20",0.484848484848485,0.454545454545455,0.017825311942959,0.0427807486631016,0
"257",257,"TELL_2_18_16",0.212765957446809,0.781914893617021,0.00531914893617021,0,0
"258",258,"TELL_2_18_8",0.0089126559714795,0.967914438502674,0.0231729055258467,0,0
"259",259,"TELL_2_18_12",0.126334519572954,0.873665480427046,0,0,0
"260",260,"TELL_2_18_15",0.200716845878136,0.752688172043011,0,0.046594982078853,0
"261",261,"TELL_2_18_19",0.363636363636364,0.588235294117647,0.0053475935828877,0.0427807486631016,0
"262",262,"TELL_2_18_23",0.540540540540541,0.445045045045045,0,0.0144144144144144,0
"263",263,"TELL_2_18_28",0.685714285714286,0.296428571428571,0,0.0178571428571429,0
"264",264,"KOUG_5_17_5",0.0467625899280576,0.325539568345324,0.0215827338129496,0.476618705035971,0.129496402877698
"265",265,"KOUG_5_17_7",0.310469314079422,0.451263537906137,0,0.0776173285198556,0.160649819494585
"266",266,"KOUG_5_17_4",0.233511586452763,0.67379679144385,0,0.0837789661319073,0.0089126559714795
"267",267,"KOUG_5_17_1",0.169675090252708,0.454873646209386,0,0.277978339350181,0.0974729241877256
"268",268,"KOUG_5_17_3",0.151515151515152,0.818181818181818,0,0.0196078431372549,0.0106951871657754
"269",269,"KOUG_5_17_6",0.580645161290323,0.419354838709677,0,0,0
"270",270,"KOUG_5_17_8",0.398926654740608,0.506261180679785,0,0.0465116279069767,0.0483005366726297
"271",271,"KOUG_5_17_11",0.160071942446043,0.611510791366906,0,0.169064748201439,0.0593525179856115
"272",272,"KOUG_5_17_14",0.296428571428571,0.473214285714286,0,0.221428571428571,0.00892857142857143
"273",273,"KOUG_5_17_9",0.401785714285714,0.483928571428571,0,0.0964285714285714,0.0178571428571429
"274",274,"TELL_1_3_13",0.0470162748643761,0.613019891500904,0,0.2875226039783,0
"275",275,"TELL_1_3_17",0.0161001788908766,0.359570661896243,0,0.62432915921288,0
"276",276,"TELL_1_3_21",0.01985559566787,0.346570397111913,0,0.633574007220217,0
"277",277,"TELL_1_3_16",0.224820143884892,0.203237410071942,0,0.571942446043165,0
"278",278,"TELL_1_3_20",0.0357142857142857,0.298214285714286,0,0.666071428571429,0
"279",279,"TELL_1_3_15",0.15742397137746,0.363148479427549,0,0.479427549194991,0
"280",280,"TELL_1_3_11",0.211191335740072,0.292418772563177,0,0.496389891696751,0
"281",281,"TELL_1_3_8",0.324372759856631,0.0878136200716846,0,0.587813620071685,0
"282",282,"TELL_1_3_12",0.188948306595365,0.39572192513369,0,0.415329768270945,0
"283",283,"TELL_1_3_9",0.0641711229946524,0.796791443850267,0,0.0944741532976827,0
"284",284,"COUN_1_14_20",0.128113879003559,0.626334519572954,0,0.185053380782918,0
"285",285,"COUN_1_14_17",0.207513416815742,0.749552772808587,0,0.0429338103756708,0
"286",286,"COUN_1_14_14",0.302325581395349,0.681574239713775,0,0.0125223613595707,0.0035778175313059
"287",287,"COUN_1_14_10",0.452762923351159,0.515151515151515,0,0.0320855614973262,0
"288",288,"COUN_1_14_11",0.213903743315508,0.595365418894831,0,0.171122994652406,0.0196078431372549
"289",289,"COUN_1_14_15",0.0740072202166065,0.537906137184116,0,0.362815884476534,0.00180505415162455
"290",290,"COUN_1_14_18",0.0946428571428571,0.680357142857143,0,0.182142857142857,0.00178571428571429
"291",291,"COUN_2_1_5",0.0889679715302491,0.236654804270463,0,0.654804270462633,0
"292",292,"COUN_2_1_9",0.250902527075812,0.700361010830325,0,0.0487364620938628,0
"293",293,"COUN_2_1_12",0.0535714285714286,0.823214285714286,0,0.123214285714286,0
"294",294,"COUN_2_1_16",0.130824372759857,0.584229390681004,0.0716845878136201,0.21326164874552,0
"295",295,"COUN_2_1_19",0.266903914590747,0.345195729537367,0.0231316725978648,0.355871886120996,0.00889679715302491
"296",296,"COUN_2_1_17",0.189873417721519,0.710669077757685,0,0.0994575045207957,0
"297",297,"COUN_2_1_13",0.0482142857142857,0.896428571428571,0,0.0553571428571429,0
"298",298,"COUN_2_1_10",0.0691489361702128,0.572695035460993,0,0.358156028368794,0
"299",299,"COUN_2_1_6",0.140569395017794,0.508896797153025,0,0.350533807829181,0
"300",300,"COUN_2_1_2",0.125448028673835,0.125448028673835,0,0.720430107526882,0
"301",301,"KOUG_5_21_21",0.424242424242424,0.461675579322638,0,0.0998217468805704,0.0142602495543672
"302",302,"KOUG_5_21_22",0.195652173913043,0.608695652173913,0,0.188405797101449,0.0072463768115942
"303",303,"KOUG_5_21_20",0.0926916221033868,0.563279857397504,0,0.319073083778966,0.0249554367201426
"304",304,"KOUG_5_21_17",0.441281138790036,0.523131672597865,0,0.0355871886120996,0
"305",305,"KOUG_5_21_19",0.354203935599284,0.398926654740608,0,0.161001788908766,0.0858676207513417
"306",306,"KOUG_5_21_16",0.405357142857143,0.380357142857143,0,0.2,0.0142857142857143
"307",307,"KOUG_5_21_13",0.168738898756661,0.579040852575488,0,0.213143872113677,0.0390763765541741
"308",308,"KOUG_5_21_11",0.0701438848920863,0.23021582733813,0,0.699640287769784,0
"309",309,"KOUG_5_21_12",0.477396021699819,0.20253164556962,0,0.320072332730561,0
"310",310,"KOUG_5_21_15",0.0787119856887299,0.141323792486583,0,0.724508050089445,0.0554561717352415
"311",311,"KOUG_3_29_22",0.198568872987478,0.488372093023256,0,0.261180679785331,0.0518783542039356
"312",312,"KOUG_3_29_20",0.0549645390070922,0.177304964539007,0,0.75354609929078,0.0141843971631206
"313",313,"KOUG_3_29_18",0.0447227191413238,0.343470483005367,0,0.602862254025045,0.00894454382826476
"314",314,"KOUG_3_29_21",0.0867992766726944,0.500904159132007,0,0.412296564195298,0
"315",315,"KOUG_5_10_6",0.287003610108303,0.422382671480144,0.0144404332129964,0.184115523465704,0.0252707581227437
"316",316,"KOUG_5_10_5",0.428571428571429,0.473214285714286,0,0.0160714285714286,0.0821428571428571
"317",317,"KOUG_5_10_2",0.564748201438849,0.413669064748201,0,0.012589928057554,0.00899280575539568
"318",318,"KOUG_5_10_4",0.322463768115942,0.596014492753623,0,0.0344202898550725,0.0471014492753623
"319",319,"KOUG_5_10_1",0.335115864527629,0.515151515151515,0,0.149732620320856,0
"320",320,"KOUG_5_10_3",0.277280858676207,0.690518783542039,0,0.0322003577817531,0
"321",321,"KOUG_5_10_7",0.154121863799283,0.711469534050179,0,0.0896057347670251,0.021505376344086
"322",322,"KOUG_5_10_8",0.128342245989305,0.399286987522282,0,0.450980392156863,0.0213903743315508
"323",323,"KOUG_5_10_11",0.0375,0.439285714285714,0.0875,0.378571428571429,0.00714285714285714
"324",324,"KOUG_5_10_9",0.127468581687612,0.543985637342908,0.0125673249551167,0.242369838420108,0.0125673249551167
"325",325,"COUN_2_15_1",0.195035460992908,0.645390070921986,0,0.159574468085106,0
"326",326,"COUN_2_15_2",0.102333931777379,0.590664272890485,0,0.307001795332136,0
"327",327,"COUN_2_15_5",0,0.571174377224199,0,0.428825622775801,0
"328",328,"COUN_2_15_8",0.0505415162454874,0.252707581227437,0,0.696750902527076,0
"329",329,"COUN_2_15_13",0.0909090909090909,0.663101604278075,0,0.245989304812834,0
"330",330,"COUN_2_15_17",0.125226860254083,0.130671506352087,0,0.744101633393829,0
"331",331,"COUN_2_15_12",0.212121212121212,0.525846702317291,0,0.262032085561497,0
"332",332,"COUN_2_15_16",0.0873440285204991,0.638146167557932,0.0213903743315508,0.253119429590018,0
"333",333,"COUN_2_15_7",0.0821428571428571,0.592857142857143,0,0.325,0
"334",334,"COUN_2_15_4",0.0998217468805704,0.798573975044563,0.0160427807486631,0.0855614973262032,0
"335",335,"TELL_4_5_11",0.527927927927928,0.261261261261261,0.00720720720720721,0.142342342342342,0.0018018018018018
"336",336,"TELL_4_5_8",0.542857142857143,0.2625,0.0142857142857143,0.175,0.00535714285714286
"337",337,"TELL_4_5_7",0.364620938628159,0.315884476534296,0,0.319494584837545,0
"338",338,"TELL_4_5_9",0.727109515260323,0.251346499102334,0,0.0215439856373429,0
"339",339,"TELL_4_5_10",0.623188405797101,0.123188405797101,0.0108695652173913,0.072463768115942,0.170289855072464
"340",340,"TELL_4_5_12",0.626118067978533,0.289803220035778,0,0.0268336314847943,0.0572450805008945
"341",341,"TELL_4_5_15",0.74331550802139,0.20855614973262,0,0,0
"342",342,"TELL_4_5_18",0.926654740608229,0.073345259391771,0,0,0
"343",343,"TELL_4_5_14",0.757142857142857,0.242857142857143,0,0,0
"344",344,"COUN_5_2_20",0,0.0949820788530466,0,0.899641577060932,0
"345",345,"COUN_5_2_18",0.00714285714285714,0.339285714285714,0,0.653571428571429,0
"346",346,"COUN_5_2_16",0.162790697674419,0.581395348837209,0,0.255813953488372,0
"347",347,"COUN_5_2_19",0.0483870967741935,0.913978494623656,0.010752688172043,0.0268817204301075,0
"348",348,"COUN_5_2_17",0.117647058823529,0.176470588235294,0.0213903743315508,0.684491978609626,0
"349",349,"COUN_5_2_14",0.0867992766726944,0.703435804701627,0,0.209764918625678,0
"350",350,"COUN_5_2_11",0.139784946236559,0.553763440860215,0.046594982078853,0.259856630824373,0
"351",351,"COUN_5_2_7",0.124777183600713,0.190730837789661,0.0213903743315508,0.663101604278075,0
"352",352,"COUN_5_2_10",0.158362989323843,0.327402135231317,0,0.51423487544484,0
"353",353,"COUN_5_2_13",0.0447227191413238,0.661896243291592,0,0.293381037567084,0
"354",354,"KOUG_5_13_5",0.405797101449275,0.496376811594203,0,0.0760869565217391,0.0217391304347826
"355",355,"KOUG_5_13_9",0.183600713012478,0.798573975044563,0,0,0.017825311942959
"356",356,"KOUG_5_13_10",0.252688172043011,0.741935483870968,0,0.00537634408602151,0
"357",357,"KOUG_5_13_7",0.172905525846702,0.723707664884136,0.0659536541889483,0.0374331550802139,0
"358",358,"KOUG_5_13_4",0.378378378378378,0.594594594594595,0.027027027027027,0,0
"359",359,"KOUG_5_13_2",0.603571428571429,0.294642857142857,0.0267857142857143,0.0625,0.0125
"360",360,"KOUG_5_13_3",0.155913978494624,0.844086021505376,0,0,0
"361",361,"KOUG_5_13_6",0.0161290322580645,0.983870967741935,0,0,0
"362",362,"TELL_2_11_10",0.0551601423487545,0.871886120996441,0,0.0729537366548043,0
"363",363,"TELL_2_11_7",0.2174688057041,0.490196078431373,0,0.292335115864528,0
"364",364,"TELL_2_11_9",0.0703971119133574,0.53971119133574,0,0.389891696750903,0
"365",365,"TELL_2_11_6",0.0907473309608541,0.153024911032028,0,0.756227758007117,0
"366",366,"TELL_2_11_12",0.0558558558558559,0.261261261261261,0,0.682882882882883,0
"367",367,"TELL_2_11_16",0.284172661870504,0.665467625899281,0,0.0503597122302158,0
"368",368,"TELL_2_11_13",0.245989304812834,0.734402852049911,0,0.0196078431372549,0
"369",369,"TELL_2_11_21",0.0409252669039146,0.446619217081851,0,0.512455516014235,0
"370",370,"TELL_2_11_17",0,0.338129496402878,0,0.661870503597122,0
"371",371,"TELL_2_11_14",0.00537634408602151,0.299283154121864,0,0.695340501792115,0
"372",372,"KOUG_5_6_25",0.388086642599278,0.604693140794224,0,0.0072202166064982,0
"373",373,"KOUG_5_6_29",0.0305755395683453,0.969424460431655,0,0,0
"374",374,"KOUG_5_6_30",0.266429840142096,0.715808170515098,0,0.0177619893428064,0
"375",375,"KOUG_5_6_27",0.223230490018149,0.704174228675136,0.0108892921960073,0.0617059891107078,0
"376",376,"KOUG_5_6_23",0.549728752260398,0.358047016274864,0,0.0922242314647378,0
"377",377,"KOUG_5_6_19",0.518716577540107,0.433155080213904,0,0.0481283422459893,0
"378",378,"KOUG_5_6_14",0.45017793594306,0.5,0.0444839857651246,0.00533807829181495,0
"379",379,"KOUG_5_6_18",0.242314647377939,0.716094032549729,0,0.0415913200723327,0
"380",380,"KOUG_5_6_13",0.213903743315508,0.759358288770054,0,0.0267379679144385,0
"381",381,"KOUG_5_6_17",0.636528028933092,0.363471971066908,0,0,0
"382",382,"KOUG_5_6_21",0.658928571428571,0.341071428571429,0,0,0
"383",383,"KOUG_3_21_17",0.00902527075812274,0.0324909747292419,0,0.958483754512635,0
"384",384,"KOUG_3_21_12",0.0740072202166065,0.462093862815884,0.0108303249097473,0.453068592057762,0
"385",385,"KOUG_3_21_16",0.14519056261343,0.2994555353902,0,0.55535390199637,0
"386",386,"KOUG_3_21_11",0.282882882882883,0.291891891891892,0.0126126126126126,0.381981981981982,0.0306306306306306
"387",387,"KOUG_3_21_7",0.15742397137746,0.513416815742397,0.280858676207513,0.0483005366726297,0
"388",388,"KOUG_3_21_3",0,0.467140319715808,0.506216696269982,0.0266429840142096,0
"389",389,"KOUG_3_21_1",0.486535008976661,0.436265709156194,0,0.0771992818671454,0
"390",390,"KOUG_3_21_4",0.193840579710145,0.550724637681159,0,0.255434782608696,0
"391",391,"KOUG_3_21_9",0.0787119856887299,0.123434704830054,0,0.797853309481216,0
"392",392,"KOUG_3_21_13",0.0715563506261181,0.177101967799642,0.00894454382826476,0.742397137745975,0
"393",393,"TELL_3_17_27",0.899280575539568,0.100719424460432,0,0,0
"394",394,"TELL_3_17_24",0.862989323843416,0.126334519572954,0,0.0106761565836299,0
"395",395,"TELL_3_17_28",0.885918003565062,0.089126559714795,0,0.0249554367201426,0
"396",396,"TELL_3_17_25",0.866666666666667,0.10990990990991,0,0.0234234234234234,0
"397",397,"TELL_3_17_21",0.831842576028623,0.125223613595707,0,0.0429338103756708,0
"398",398,"TELL_3_17_17",0.315508021390374,0.4349376114082,0,0.249554367201426,0
"399",399,"TELL_3_17_13",0.626785714285714,0.151785714285714,0,0.221428571428571,0
"400",400,"TELL_3_17_16",0.308928571428571,0.542857142857143,0,0.148214285714286,0
"401",401,"TELL_3_17_20",0.204626334519573,0.626334519572954,0,0.169039145907473,0
"402",402,"TELL_3_17_23",0.0998217468805704,0.770053475935829,0,0.130124777183601,0
"403",403,"KOUG_1_15_29",0.113879003558719,0.877224199288256,0,0.00889679715302491,0
"404",404,"KOUG_1_15_26",0.0541516245487365,0.494584837545126,0,0.451263537906137,0
"405",405,"KOUG_1_15_23",0,0.496428571428571,0,0.503571428571429,0
"406",406,"KOUG_1_15_20",0.290322580645161,0.589605734767025,0,0.120071684587814,0
"407",407,"KOUG_1_15_24",0.0677361853832442,0.778966131907308,0,0.153297682709447,0
"408",408,"KOUG_1_15_27",0.220614828209765,0.7124773960217,0,0.0669077757685353,0
"409",409,"KOUG_1_15_30",0.0447227191413238,0.472271914132379,0,0.483005366726297,0
"410",410,"TELL_2_22_21",0.209219858156028,0.601063829787234,0,0.189716312056738,0
"411",411,"TELL_2_22_23",0.148479427549195,0.352415026833631,0,0.499105545617174,0
"412",412,"TELL_2_22_26",0.141323792486583,0.359570661896243,0,0.499105545617174,0
"413",413,"TELL_2_22_28",0.119429590017825,0.122994652406417,0,0.757575757575758,0
"414",414,"TELL_2_22_31",0.13854351687389,0.177619893428064,0,0.683836589698046,0
"415",415,"TELL_2_22_33",0.0377019748653501,0.732495511669659,0,0.229802513464991,0
"416",416,"TELL_2_22_29",0.0541516245487365,0.211191335740072,0,0.734657039711191,0
"417",417,"TELL_2_22_27",0.463458110516934,0.165775401069519,0,0.370766488413547,0
"418",418,"TELL_2_22_24",0.397482014388489,0.181654676258993,0,0.420863309352518,0
"419",419,"TELL_2_22_22",0.363636363636364,0.242424242424242,0,0.393939393939394,0
"420",420,"KOUG_3_16_11",0.100900900900901,0.500900900900901,0,0.390990990990991,0.00720720720720721
"421",421,"KOUG_3_16_14",0.47864768683274,0.400355871886121,0,0.120996441281139,0
"422",422,"KOUG_3_16_10",0.488413547237077,0.185383244206774,0,0.32620320855615,0
"423",423,"KOUG_3_16_8",0.0339285714285714,0.367857142857143,0,0.598214285714286,0
"424",424,"KOUG_3_16_6",0.00899280575539568,0.568345323741007,0,0.366906474820144,0
"425",425,"KOUG_3_16_4",0.0321428571428571,0.367857142857143,0,0.592857142857143,0.00714285714285714
"426",426,"KOUG_3_16_3",0.0307414104882459,0.616636528028933,0.0144665461121157,0.338155515370705,0
"427",427,"KOUG_3_16_2",0.126334519572954,0.738434163701068,0.135231316725979,0,0
"428",428,"KOUG_3_16_1",0.0197132616487455,0.888888888888889,0.0752688172043011,0.0161290322580645,0
"429",429,"COUN_3_11_38",0.0978260869565217,0.159420289855072,0.0072463768115942,0.548913043478261,0.121376811594203
"430",430,"COUN_3_11_39",0.0876565295169946,0.100178890876565,0.0429338103756708,0.767441860465116,0.00178890876565295
"431",431,"COUN_3_11_37",0.432384341637011,0.202846975088968,0.096085409252669,0.241992882562278,0.0266903914590747
"432",432,"COUN_3_11_34",0.147482014388489,0.140287769784173,0.00719424460431655,0.670863309352518,0.0341726618705036
"433",433,"COUN_3_11_30",0.230357142857143,0.192857142857143,0,0.576785714285714,0
"434",434,"COUN_3_11_25",0.276292335115865,0.269162210338681,0.0142602495543672,0.440285204991087,0
"435",435,"COUN_3_11_21",0.247292418772563,0.615523465703971,0.0541516245487365,0.0830324909747292,0
"436",436,"COUN_3_11_26",0.303571428571429,0.1875,0.00892857142857143,0.5,0
"437",437,"COUN_3_11_31",0.0930232558139535,0.386404293381038,0.00894454382826476,0.443649373881932,0.0679785330948122
"438",438,"COUN_3_11_35",0.12972972972973,0.0594594594594595,0,0.677477477477477,0.133333333333333
"439",439,"COUN_4_12_5",0.258467023172906,0.32620320855615,0.0303030303030303,0.28698752228164,0.0338680926916221
"440",440,"COUN_4_12_7",0.431899641577061,0.304659498207885,0,0.0412186379928315,0.222222222222222
"441",441,"COUN_4_12_9",0.200723327305606,0.647377938517179,0,0.148282097649186,0.00361663652802893
"442",442,"COUN_4_12_13",0.288014311270125,0.581395348837209,0.0429338103756708,0.0822898032200358,0.00536672629695885
"443",443,"COUN_4_12_15",0.340501792114695,0.439068100358423,0,0.220430107526882,0
"444",444,"COUN_4_12_12",0.0126582278481013,0.399638336347197,0,0.587703435804702,0
"445",445,"COUN_4_12_8",0.110307414104882,0.455696202531646,0,0.433996383363472,0
"446",446,"COUN_4_12_6",0.494642857142857,0.471428571428571,0,0.0160714285714286,0.0178571428571429
"447",447,"COUN_4_12_4",0.294642857142857,0.385714285714286,0.025,0.15,0.0892857142857143
"448",448,"COUN_4_12_2",0.172661870503597,0.0683453237410072,0.185251798561151,0.0143884892086331,0.559352517985611
"449",449,"KOUG_5_25_22",0.0533807829181495,0.211743772241993,0,0.734875444839858,0
"450",450,"KOUG_5_25_20",0.0233393177737881,0.44165170556553,0,0.535008976660682,0
"451",451,"KOUG_5_25_19",0.0249554367201426,0.131907308377897,0,0.843137254901961,0
"452",452,"KOUG_5_25_17",0.13903743315508,0.13903743315508,0,0.72192513368984,0
"453",453,"KOUG_5_25_15",0.026978417266187,0.00359712230215827,0,0.969424460431655,0
"454",454,"KOUG_5_25_11",0.0071301247771836,0.149732620320856,0,0.818181818181818,0
"455",455,"KOUG_5_25_14",0.00178571428571429,0.0482142857142857,0,0.95,0
"456",456,"KOUG_5_25_16",0.0994575045207957,0.359855334538879,0,0.540687160940326,0
"457",457,"KOUG_5_25_18",0.0143626570915619,0.0897666068222621,0,0.895870736086176,0
"458",458,"TELL_3_4_18",0.1985559566787,0.633574007220217,0.092057761732852,0.00180505415162455,0
"459",459,"TELL_3_4_14",0.626785714285714,0.307142857142857,0,0.0160714285714286,0
"460",460,"TELL_3_4_10",0.729241877256318,0.25812274368231,0,0.0126353790613718,0
"461",461,"TELL_3_4_7",0.724324324324324,0.275675675675676,0,0,0
"462",462,"TELL_3_4_11",0.953321364452424,0.0394973070017953,0,0,0
"463",463,"TELL_3_4_15",0.669642857142857,0.253571428571429,0.0357142857142857,0,0
"464",464,"TELL_3_4_20",0.816399286987522,0.183600713012478,0,0,0
"465",465,"TELL_3_4_24",0.83005366726297,0.16994633273703,0,0,0
"466",466,"TELL_3_4_19",0.623423423423423,0.376576576576577,0,0,0
"467",467,"TELL_3_4_23",0.479500891265597,0.459893048128342,0,0,0
"468",1,"KOUG_K4_T25_19",0.0017825311942959,0.0124777183600713,0.0160427807486631,0.864527629233512,0.0445632798573975
"469",2,"KOUG_K4_T25_23",0.156193895870736,0.18491921005386,0,0.657091561938959,0.00179533213644524
"470",3,"KOUG_K4_T25_20",0.00897666068222621,0.152603231597846,0,0.838420107719928,0
"471",4,"KOUG_K4_T25_24",0,0.441281138790036,0,0.558718861209965,0
"472",5,"KOUG_K4_T25_21",0.0866425992779783,0.866425992779783,0,0.0469314079422383,0
"473",6,"KOUG_K4_T25_12",0.032258064516129,0.867383512544803,0.039426523297491,0.0609318996415771,0
"474",7,"KOUG_K4_T25_7",0.00894454382826476,0.899821109123435,0.0429338103756708,0.0483005366726297,0
"475",8,"KOUG_K4_T25_2",0,0.189624329159213,0,0.810375670840787,0
"476",9,"KOUG_K4_T25_6",0.025089605734767,0.0017921146953405,0.00537634408602151,0.85663082437276,0.0627240143369176
"477",10,"KOUG_K4_T25_10",0.0035650623885918,0.0320855614973262,0.0427807486631016,0.805704099821747,0.0641711229946524
"478",11,"KOUG_K4_T25_14",0.0196428571428571,0.0357142857142857,0,0.944642857142857,0
"479",12,"KOUG_K4_T25_18",0.00178571428571429,0.560714285714286,0,0.4375,0
"480",13,"COUN_C4_T21_1",0.0899280575539568,0.156474820143885,0.0881294964028777,0.176258992805755,0.424460431654676
"481",14,"COUN_C4_T21_3",0.0393559928443649,0.0125223613595707,0.0983899821109123,0.543828264758497,0.171735241502683
"482",15,"COUN_C4_T21_4",0.479427549194991,0.456171735241503,0,0.0644007155635063,0
"483",16,"COUN_C4_T21_9",0.00892857142857143,0.275,0,0.716071428571429,0
"484",17,"COUN_C4_T21_13",0.294642857142857,0.133928571428571,0,0.571428571428571,0
"485",18,"COUN_C4_T21_16",0.0249554367201426,0.417112299465241,0,0.557932263814617,0
"486",19,"COUN_C4_T21_19",0.357651245551601,0.581850533807829,0,0.0604982206405694,0
"487",20,"COUN_C4_T21_21",0.196428571428571,0.167857142857143,0,0.635714285714286,0
"488",21,"COUN_C4_T21_22",0.0232974910394265,0.245519713261649,0,0.724014336917563,0.00716845878136201
"489",22,"COUN_C4_T21_20",0.134408602150538,0.396057347670251,0,0.426523297491039,0.043010752688172
"490",23,"COUN_C4_T21_18",0,0.0464285714285714,0,0.953571428571429,0
"491",24,"COUN_C4_T21_15",0,0.0231729055258467,0,0.932263814616756,0
"492",25,"COUN_C4_T21_12",0.233273056057866,0.341772151898734,0,0.4249547920434,0
"493",26,"TELL_T5_T3_7",0.124548736462094,0.512635379061372,0.0072202166064982,0.29783393501805,0
"494",27,"TELL_T5_T3_11",0.100538599640934,0.258527827648115,0,0.538599640933573,0.102333931777379
"495",28,"TELL_T5_T3_14",0.0036231884057971,0.208333333333333,0,0.78804347826087,0
"496",29,"TELL_T5_T3_18",0.0987432675044883,0.136445242369838,0,0.764811490125673,0
"497",30,"TELL_T5_T3_13",0.370503597122302,0.510791366906475,0,0.118705035971223,0
"498",31,"TELL_T5_T3_5",0.453068592057762,0.496389891696751,0.0234657039711191,0.0270758122743682,0
"499",32,"TELL_T5_T3_2",0.14336917562724,0.344086021505376,0,0.512544802867383,0
"500",33,"TELL_T5_T3_25",0.0088809946714032,0.502664298401421,0,0.442273534635879,0
"501",34,"TELL_T5_T3_29",0.0306859205776173,0.92057761732852,0,0.0487364620938628,0
"502",35,"TELL_T5_T3_32",0.0321428571428571,0.960714285714286,0,0.00714285714285714,0
"503",36,"TELL_T5_T3_19",0.120071684587814,0.046594982078853,0,0.833333333333333,0
"504",37,"COUN_C3_T14_4",0.00357142857142857,0.103571428571429,0.0892857142857143,0.664285714285714,0.0803571428571428
"505",38,"COUN_C3_T14_6",0.00716845878136201,0.0967741935483871,0.00716845878136201,0.836917562724014,0.017921146953405
"506",39,"COUN_C3_T14_9",0.145648312611012,0.238010657193606,0,0.616341030195382,0
"507",40,"COUN_C3_T14_12",0.225225225225225,0.293693693693694,0,0.481081081081081,0
"508",41,"COUN_C3_T14_13",0.0268336314847943,0.0465116279069767,0.0572450805008945,0.719141323792487,0.0858676207513417
"509",42,"COUN_C3_T14_2",0.316071428571429,0.514285714285714,0.0875,0.0821428571428571,0
"510",43,"COUN_C3_T14_3",0.329181494661922,0.443060498220641,0.0604982206405694,0.167259786476868,0
"511",44,"COUN_C3_T14_5",0.180679785330948,0.554561717352415,0.237924865831843,0.0268336314847943,0
"512",45,"KOUG_K4_T28_5",0.0017825311942959,0.0231729055258467,0.0071301247771836,0.877005347593583,0.0392156862745098
"513",46,"KOUG_K4_T28_4",0.0178571428571429,0.285714285714286,0,0.696428571428571,0
"514",47,"KOUG_K4_T28_8",0.0017921146953405,0.546594982078853,0.0860215053763441,0.365591397849462,0
"515",48,"KOUG_K4_T28_11",0,0.0214285714285714,0,0.978571428571429,0
"516",49,"KOUG_K4_T28_9",0.00535714285714286,0.0535714285714286,0.0142857142857143,0.848214285714286,0.0428571428571429
"517",50,"KOUG_K4_T17_18",0.211849192100539,0.190305206463196,0,0.570915619389587,0.0269299820466786
"518",51,"KOUG_K4_T17_14",0.10752688172043,0.388888888888889,0,0.503584229390681,0
"519",52,"KOUG_K4_T17_11",0.017825311942959,0.0142602495543672,0,0.967914438502674,0
"520",53,"KOUG_K4_T17_8",0,0.213644524236984,0,0.786355475763016,0
"521",54,"KOUG_K4_T17_6",0.0213903743315508,0.935828877005348,0,0.0427807486631016,0
"522",55,"KOUG_K4_T17_4",0.0615942028985507,0.751811594202899,0,0.186594202898551,0
"523",56,"KOUG_K4_T17_5",0.0695187165775401,0.502673796791444,0,0.427807486631016,0
"524",57,"KOUG_K4_T17_10",0.00899280575539568,0.102517985611511,0,0.888489208633094,0
"525",58,"KOUG_K4_T17_13",0.014336917562724,0.229390681003584,0,0.756272401433692,0
"526",59,"KOUG_K4_T17_17",0.0107334525939177,0.0339892665474061,0,0.822898032200358,0.132379248658318
"527",60,"TELL_T4_T11_16",0.84257602862254,0.0626118067978533,0.00715563506261181,0.0286225402504472,0.00536672629695885
"528",61,"TELL_T4_T11_21",0.881932021466905,0.118067978533095,0,0,0
"529",62,"TELL_T4_T11_25",0.832129963898917,0.164259927797834,0,0.0036101083032491,0
"530",63,"TELL_T4_T11_30",0.682060390763766,0.317939609236234,0,0,0
"531",64,"TELL_T4_T11_33",0.565295169946333,0.400715563506261,0,0.0339892665474061,0
"532",65,"TELL_T4_T11_32",0.519927536231884,0.396739130434783,0,0.0833333333333333,0
"533",66,"TELL_T4_T11_28",0.631016042780749,0.315508021390374,0,0.0427807486631016,0.0106951871657754
"534",67,"TELL_T4_T11_23",0.775179856115108,0.206834532374101,0,0.0179856115107914,0
"535",68,"TELL_T4_T11_19",0.653641207815275,0.220248667850799,0,0.11190053285968,0.0142095914742451
"536",69,"TELL_T4_T11_14",0.847942754919499,0.107334525939177,0,0.0447227191413238,0
"537",70,"TELL_T4_T11_9",0.871657754010695,0.0962566844919786,0,0.0320855614973262,0
"538",71,"TELL_T4_T11_4",0.901960784313726,0.0980392156862745,0,0,0
"539",72,"TELL_T4_T11_10",0.895306859205776,0.0451263537906137,0.00902527075812274,0,0.0252707581227437
"540",73,"KOUG_K4_T28_15",0.00894454382826476,0.186046511627907,0.0035778175313059,0.774597495527728,0
"541",74,"KOUG_K4_T28_14",0,0.41740674955595,0,0.58259325044405,0
"542",75,"KOUG_K4_T28_18",0.024866785079929,0.9449378330373,0,0.0301953818827709,0
"543",76,"KOUG_K4_T28_20",0.024866785079929,0.9449378330373,0,0.0301953818827709,0
"544",77,"KOUG_K4_T28_21",0.134892086330935,0.77158273381295,0,0.0935251798561151,0
"545",78,"KOUG_K4_T28_19",0.117021276595745,0.75531914893617,0,0.127659574468085,0
"546",79,"KOUG_K4_T28_17",0.0250447227191413,0.508050089445438,0,0.46690518783542,0
"547",80,"KOUG_K4_T28_13",0.00178571428571429,0.716071428571429,0,0.282142857142857,0
"548",81,"TELL_T4_T14_25",0.591320072332731,0.397830018083183,0,0.0108499095840868,0
"549",82,"TELL_T4_T14_30",0.242857142857143,0.75,0,0.00714285714285714,0
"550",83,"TELL_T4_T14_29",0.417857142857143,0.483928571428571,0,0.0982142857142857,0
"551",84,"TELL_T4_T14_23",0.252220248667851,0.236234458259325,0,0.511545293072824,0
"552",85,"TELL_T4_T14_18",0.254480286738351,0.376344086021505,0,0.369175627240143,0
"553",86,"TELL_T4_T14_19",0.684587813620072,0.1415770609319,0,0.173835125448029,0
"554",87,"TELL_T4_T14_2",0.290552584670232,0.686274509803922,0,0.0231729055258467,0
"555",88,"TELL_T4_T14_5",0.0499108734402852,0.771836007130125,0.17825311942959,0,0
"556",89,"TELL_T4_T14_7",0.237924865831843,0.640429338103757,0.0805008944543828,0.0411449016100179,0
"557",90,"TELL_T4_T14_8",0.317117117117117,0.254054054054054,0.00540540540540541,0.423423423423423,0
"558",91,"TELL_T4_T14_3",0.0107142857142857,0.307142857142857,0,0.682142857142857,0
"559",92,"KOUG_K3_T17_1",0.162210338680927,0.25668449197861,0.0267379679144385,0.399286987522282,0.0142602495543672
"560",93,"KOUG_K3_T17_2",0.158362989323843,0.343416370106762,0.0106761565836299,0.434163701067616,0.0195729537366548
"561",94,"KOUG_K3_T17_5",0,0.566546762589928,0,0.433453237410072,0
"562",95,"KOUG_K3_T17_8",0.0107719928186715,0.671454219030521,0,0.317773788150808,0
"563",96,"KOUG_K3_T17_11",0.182300884955752,0.72212389380531,0.0141592920353982,0.0814159292035398,0
"564",97,"KOUG_K3_T17_18",0.110307414104882,0.768535262206148,0.0253164556962025,0.0958408679927667,0
"565",98,"KOUG_K3_T17_17",0.178890876565295,0.794275491949911,0.0268336314847943,0,0
"566",99,"KOUG_K3_T17_13",0.186046511627907,0.644007155635063,0.0035778175313059,0.166368515205724,0
"567",100,"KOUG_K3_T17_12",0.0017825311942959,0.746880570409982,0,0.251336898395722,0
"568",101,"KOUG_K3_T17_9",0,0.553571428571429,0,0.446428571428571,0
"569",102,"KOUG_K3_T17_6",0.0268817204301075,0.525089605734767,0,0.448028673835125,0
"570",103,"KOUG_K3_T17_4",0.0196428571428571,0.192857142857143,0,0.7875,0
"571",104,"COUN_C5_T14_28",0.00178571428571429,0.0553571428571429,0,0.876785714285714,0
"572",105,"COUN_C5_T14_26",0.211091234347048,0.363148479427549,0,0.425760286225403,0
"573",106,"COUN_C5_T14_29",0.0267379679144385,0,0,0.973262032085562,0
"574",107,"COUN_C5_T14_27",0.0982142857142857,0.380357142857143,0,0.521428571428571,0
"575",108,"COUN_C5_T14_19",0.117328519855596,0.532490974729242,0,0.350180505415162,0
"576",109,"COUN_C5_T14_15",0.0397111913357401,0.245487364620939,0.0180505415162455,0.696750902527076,0
"577",110,"COUN_C5_T14_10",0.0249110320284698,0.0444839857651246,0,0.875444839857651,0
"578",111,"COUN_C5_T14_14",0.10573476702509,0.39247311827957,0,0.50179211469534,0
"579",112,"COUN_C5_T14_18",0.0555555555555556,0.175627240143369,0.00716845878136201,0.761648745519713,0
"580",113,"COUN_C5_T14_22",0.158645276292335,0.155080213903743,0,0.686274509803922,0
"581",114,"COUN_C5_T14_25",0.00181159420289855,0.036231884057971,0.0036231884057971,0.91304347826087,0
"582",115,"TELL_T3_T19_16",0.795008912655972,0.149732620320856,0,0,0
"583",116,"TELL_T3_T19_15",0.702846975088968,0.236654804270463,0,0.00355871886120996,0
"584",117,"TELL_T3_T19_14",0.765124555160142,0.222419928825623,0.0124555160142349,0,0
"585",118,"TELL_T3_T19_11",0.853832442067736,0.114081996434938,0,0.0089126559714795,0.0231729055258467
"586",119,"TELL_T3_T19_8",0.782918149466192,0.151245551601424,0.0195729537366548,0,0.0462633451957295
"587",120,"TELL_T3_T19_10",0.8,0.2,0,0,0
"588",121,"TELL_T3_T19_13",0.761648745519713,0.186379928315412,0,0.0519713261648745,0
"589",122,"TELL_T3_T19_17",0.539285714285714,0.201785714285714,0.217857142857143,0.0267857142857143,0
"590",123,"TELL_T3_T19_20",0.880994671403197,0.0603907637655417,0,0.0586145648312611,0
"591",124,"TELL_T3_T19_18",0.591071428571429,0.194642857142857,0.203571428571429,0.0107142857142857,0
"592",125,"TELL_T3_T19_21",0.575812274368231,0.245487364620939,0.129963898916967,0.0487364620938628,0
"593",126,"TELL_T3_T19_23",0.692028985507246,0.289855072463768,0,0.0181159420289855,0
"594",127,"KOUG_K2_T2_2",0.201785714285714,0.442857142857143,0,0.278571428571429,0.0125
"595",128,"KOUG_K2_T2_6",0.317773788150808,0.649910233393178,0,0.0323159784560144,0
"596",129,"KOUG_K2_T2_3",0.564981949458484,0.425992779783394,0,0.00902527075812274,0
"597",130,"KOUG_K2_T2_7",0.517857142857143,0.482142857142857,0,0,0
"598",131,"KOUG_K2_T2_4",0.394973070017953,0.552962298025135,0.0197486535008977,0.0215439856373429,0.0107719928186715
"599",132,"KOUG_K2_T2_8",0.498220640569395,0.304270462633452,0.0693950177935943,0.00177935943060498,0.126334519572954
"600",133,"KOUG_K2_T2_11",0.437837837837838,0.554954954954955,0,0.00720720720720721,0
"601",134,"KOUG_K2_T2_14",0.47864768683274,0.428825622775801,0,0.0925266903914591,0
"602",135,"KOUG_K2_T2_10",0.393238434163701,0.572953736654804,0,0.0338078291814947,0
"603",136,"KOUG_K2_T2_13",0.283154121863799,0.274193548387097,0.017921146953405,0.281362007168459,0.0949820788530466
"604",137,"KOUG_K2_T2_9",0.0912343470483005,0.13953488372093,0.0697674418604651,0.393559928443649,0.254025044722719
"605",138,"TELL_T5_T13_9",0.130434782608696,0.355072463768116,0,0.514492753623188,0
"606",139,"TELL_T5_T13_13",0.270944741532977,0.409982174688057,0,0.319073083778966,0
"607",140,"TELL_T5_T13_17",0.332730560578662,0.430379746835443,0,0.236889692585895,0
"608",141,"TELL_T5_T13_20",0.142857142857143,0.267857142857143,0.0160714285714286,0.557142857142857,0.0160714285714286
"609",142,"TELL_T5_T13_18",0.130590339892665,0.189624329159213,0,0.679785330948122,0
"610",143,"TELL_T5_T13_15",0.111111111111111,0.39247311827957,0.0555555555555556,0.424731182795699,0.0161290322580645
"611",144,"TELL_T5_T13_11",0.135231316725979,0.346975088967972,0,0.51779359430605,0
"612",145,"TELL_T5_T13_8",0.454545454545455,0.351158645276292,0,0.194295900178253,0
"613",146,"TELL_T5_T13_5",0.115658362989324,0.307829181494662,0,0.576512455516014,0
"614",147,"TELL_T5_T13_2",0.241071428571429,0.571428571428571,0,0.1875,0
"615",148,"TELL_T5_T13_1",0.021505376344086,0.913978494623656,0.025089605734767,0.039426523297491,0
"616",149,"TELL_T5_T13_4",0.418894830659537,0.545454545454545,0.0303030303030303,0.0053475935828877,0
"617",150,"TELL_T5_T13_6",0.111711711711712,0.578378378378378,0,0.30990990990991,0
"618",151,"KOUG_K2_T22_20",0.0411449016100179,0.075134168157424,0.0268336314847943,0.590339892665474,0.189624329159213
"619",152,"KOUG_K2_T22_13",0.0892857142857143,0.516071428571429,0,0.394642857142857,0
"620",153,"KOUG_K2_T22_9",0.371841155234657,0.514440433212996,0,0.113718411552347,0
"621",154,"KOUG_K2_T22_6",0.493761140819964,0.311942959001783,0,0.194295900178253,0
"622",155,"KOUG_K2_T22_4",0.46594982078853,0.42831541218638,0,0.0663082437275986,0.039426523297491
"623",156,"KOUG_K2_T22_2",0.463458110516934,0.413547237076649,0,0.106951871657754,0.0160427807486631
"624",157,"KOUG_K2_T22_1",0.460431654676259,0.350719424460432,0.00179856115107914,0.176258992805755,0
"625",158,"KOUG_K2_T22_3",0.533453887884268,0.347197106690778,0,0.119349005424955,0
"626",159,"TELL_T1_T15_23",0.251336898395722,0.691622103386809,0,0.0570409982174688,0
"627",160,"TELL_T1_T15_26",0.0703971119133574,0.467509025270758,0,0.462093862815884,0
"628",161,"TELL_T1_T15_24",0.113309352517986,0.37410071942446,0,0.512589928057554,0
"629",162,"TELL_T1_T15_27",0.0756756756756757,0.0396396396396396,0,0.884684684684685,0
"630",163,"TELL_T1_T15_25",0.0500894454382826,0.144901610017889,0,0.805008944543828,0
"631",164,"TELL_T1_T15_22",0.208928571428571,0.173214285714286,0,0.617857142857143,0
"632",165,"TELL_T1_T15_18",0.160940325497288,0.652802893309222,0,0.18625678119349,0
"633",166,"TELL_T1_T15_14",0.208185053380783,0.265124555160142,0,0.512455516014235,0.0142348754448399
"634",167,"TELL_T1_T15_17",0.346975088967972,0.266903914590747,0.00889679715302491,0.377224199288256,0
"635",168,"TELL_T1_T15_13",0.404332129963899,0.102888086642599,0,0.492779783393502,0
"636",169,"TELL_T1_T15_16",0.0980392156862745,0.609625668449198,0,0.292335115864528,0
"637",170,"TELL_T1_T15_12",0.645276292335116,0.233511586452763,0,0.121212121212121,0
"638",171,"TELL_T1_T15_15",0.52972972972973,0.331531531531532,0,0.138738738738739,0
"639",172,"TELL_T1_T15_19",0.219642857142857,0.7,0,0.0803571428571429,0
"640",173,"TELL_T2_T21_16",0.0505415162454874,0.602888086642599,0,0.346570397111913,0
"641",174,"TELL_T2_T21_20",0.176258992805755,0.809352517985611,0,0.0143884892086331,0
"642",175,"TELL_T2_T21_23",0.134168157423971,0.788908765652952,0,0.0769230769230769,0
"643",176,"TELL_T2_T21_21",0.220248667850799,0.765541740674956,0,0.0142095914742451,0
"644",177,"TELL_T2_T21_24",0.0500894454382826,0.681574239713775,0,0.268336314847943,0
"645",178,"TELL_T2_T21_22",0.0267857142857143,0.794642857142857,0,0.178571428571429,0
"646",179,"TELL_T2_T21_18",0.106115107913669,0.818345323741007,0,0.0755395683453237,0
"647",180,"TELL_T2_T21_14",0.0142857142857143,0.544642857142857,0,0.441071428571429,0
"648",181,"TELL_T2_T21_10",0.0411449016100179,0.73345259391771,0,0.225402504472272,0
"649",182,"TELL_T2_T21_7",0,0.77737881508079,0,0.22262118491921,0
"650",183,"TELL_T2_T21_9",0.151079136690647,0.834532374100719,0,0.0143884892086331,0
"651",184,"TELL_T2_T21_12",0.124555160142349,0.718861209964413,0,0.156583629893238,0
"652",185,"TELL_T4_T21_12",0.1415770609319,0.711469534050179,0.0985663082437276,0.0483870967741935,0
"653",186,"TELL_T4_T21_9",0.192857142857143,0.242857142857143,0.0142857142857143,0.55,0
"654",187,"TELL_T4_T21_11",0.258064516129032,0.295698924731183,0.0734767025089606,0.372759856630824,0
"655",188,"TELL_T4_T21_14",0.105357142857143,0.835714285714286,0.00714285714285714,0.0517857142857143,0
"656",189,"TELL_T4_T21_16",0.228163992869875,0.648841354723708,0.0552584670231729,0.0677361853832442,0
"657",190,"TELL_T4_T21_19",0.0125448028673835,0.716845878136201,0.270609318996416,0,0
"658",191,"TELL_T4_T21_22",0.162790697674419,0.787119856887299,0.0250447227191413,0.0250447227191413,0
"659",192,"TELL_T4_T21_24",0.0892857142857143,0.844642857142857,0.0196428571428571,0.0464285714285714,0
"660",193,"TELL_T4_T21_23",0.132379248658318,0.762075134168157,0.103756708407871,0.00178890876565295,0
"661",194,"TELL_T4_T21_21",0.276978417266187,0.66726618705036,0.0467625899280576,0.00899280575539568,0
"662",195,"TELL_T4_T21_18",0.104795737122558,0.538188277087034,0,0.357015985790409,0
"663",196,"TELL_T4_T21_15",0.231464737793852,0.714285714285714,0.0289330922242315,0.0253164556962025,0
"664",197,"KOUG_K5_T27_2",0.043010752688172,0.0376344086021505,0,0.831541218637993,0.0268817204301075
"665",198,"KOUG_K5_T27_3",0.0645161290322581,0.0573476702508961,0,0.813620071684588,0
"666",199,"KOUG_K5_T27_6",0.0180505415162455,0.0848375451263538,0,0.830324909747292,0
"667",200,"KOUG_K5_T27_9",0.00537634408602151,0.103942652329749,0,0.826164874551971,0
"668",201,"KOUG_K5_T27_5",0.139784946236559,0.268817204301075,0,0.591397849462366,0
"669",202,"KOUG_K5_T27_8",0,0.0892857142857143,0,0.910714285714286,0
"670",203,"KOUG_K5_T27_12",0.0837789661319073,0.276292335115865,0,0.639928698752228,0
"671",204,"KOUG_K5_T27_15",0.0127041742286751,0.11070780399274,0,0.818511796733212,0
"672",205,"KOUG_K5_T27_17",0,0.0216606498194946,0,0.978339350180505,0
"673",206,"KOUG_K5_T27_13",0.0964285714285714,0.135714285714286,0,0.701785714285714,0
"674",207,"COUN_C2_T12_1",0.17741935483871,0.491039426523298,0,0.331541218637993,0
"675",208,"COUN_C2_T12_2",0.245551601423488,0.619217081850534,0,0.135231316725979,0
"676",209,"COUN_C2_T12_3",0.242314647377939,0.549728752260398,0,0.207956600361664,0
"677",210,"COUN_C2_T12_6",0.298561151079137,0.377697841726619,0,0.323741007194245,0
"678",211,"COUN_C2_T12_8",0.0535714285714286,0.367857142857143,0,0.578571428571429,0
"679",212,"COUN_C2_T12_18",0.0446428571428571,0.941071428571429,0,0.0142857142857143,0
"680",213,"COUN_C2_T12_14",0.144901610017889,0.710196779964222,0,0.144901610017889,0
"681",214,"COUN_C2_T12_10",0.0448028673835125,0.390681003584229,0,0.564516129032258,0
"682",215,"COUN_C4_T16_17",0.40608228980322,0.449016100178891,0,0.123434704830054,0.0214669051878354
"683",216,"COUN_C4_T16_21",0.78175313059034,0.0930232558139535,0,0.00536672629695885,0.119856887298748
"684",217,"COUN_C4_T16_18",0.726618705035971,0.217625899280576,0,0.0305755395683453,0.0251798561151079
"685",218,"COUN_C4_T16_22",0.579322638146168,0.190730837789661,0,0.0409982174688057,0.188948306595365
"686",219,"COUN_C4_T16_19",0.635547576301616,0.238779174147217,0,0,0.125673249551167
"687",220,"COUN_C4_T16_15",0.151785714285714,0.817857142857143,0,0.0214285714285714,0.00892857142857143
"688",221,"COUN_C4_T16_10",0.555555555555556,0.433691756272401,0,0,0.010752688172043
"689",222,"COUN_C4_T16_5",0.338709677419355,0.634408602150538,0,0.0197132616487455,0.00716845878136201
"690",223,"COUN_C4_T16_9",0.389982110912343,0.602862254025045,0,0.00715563506261181,0
"691",224,"COUN_C4_T16_13",0.344086021505376,0.5,0,0.109318996415771,0.046594982078853
"692",225,"TELL_T4_T16_1",0.0777576853526221,0.837251356238698,0.0216998191681736,0.0632911392405063,0
"693",226,"TELL_T4_T16_7",0.0685920577617329,0.642599277978339,0,0.288808664259928,0
"694",227,"TELL_T4_T16_12",0.169340463458111,0.700534759358289,0,0.130124777183601,0
"695",228,"TELL_T4_T16_17",0.525846702317291,0.367201426024955,0,0.0213903743315508,0.0855614973262032
"696",229,"TELL_T4_T16_13",0.347048300536673,0.522361359570662,0.0107334525939177,0.119856887298748,0
"697",230,"TELL_T4_T16_18",0.387900355871886,0.523131672597865,0,0.0889679715302491,0
"698",231,"TELL_T4_T16_14",0.355992844364937,0.368515205724508,0,0.275491949910555,0
"699",232,"TELL_T4_T16_10",0.163992869875223,0.260249554367201,0,0.575757575757576,0
"700",233,"TELL_T4_T16_5",0.054249547920434,0.707052441229656,0,0.23869801084991,0
"701",234,"TELL_T4_T16_9",0.0142602495543672,0.61319073083779,0,0.372549019607843,0
"702",235,"TELL_T4_T16_4",0.0959147424511545,0.772646536412078,0.0088809946714032,0.122557726465364,0
"703",236,"KOUG_K1_T28_26",0.0143112701252236,0.604651162790698,0.0322003577817531,0.348837209302326,0
"704",237,"KOUG_K1_T28_21",0.0516934046345811,0.431372549019608,0,0.516934046345811,0
"705",238,"KOUG_K1_T28_17",0,0.541218637992832,0,0.458781362007168,0
"706",239,"KOUG_K1_T28_14",0.0125673249551167,0.879712746858169,0,0.107719928186715,0
"707",240,"KOUG_K1_T28_11",0.0249554367201426,0.679144385026738,0,0.295900178253119,0
"708",241,"KOUG_K1_T28_8",0.0433212996389892,0.815884476534296,0,0.140794223826715,0
"709",242,"KOUG_K1_T28_5",0.0481283422459893,0.780748663101604,0,0.171122994652406,0
"710",243,"KOUG_K1_T28_2",0.079136690647482,0.629496402877698,0,0.29136690647482,0
"711",244,"KOUG_K1_T28_6",0.0355239786856128,0.692717584369449,0,0.271758436944938,0
"712",245,"KOUG_K1_T28_3",0.075134168157424,0.670840787119857,0,0.254025044722719,0
"713",246,"KOUG_K2_T7_7",0.157706093189964,0.489247311827957,0.010752688172043,0.281362007168459,0
"714",247,"KOUG_K2_T7_12",0.0685920577617329,0.680505415162455,0,0.250902527075812,0
"715",248,"KOUG_K2_T7_6",0,0.547237076648841,0,0.452762923351159,0
"716",249,"KOUG_K2_T7_2",0,0.275179856115108,0,0.724820143884892,0
"717",250,"KOUG_K2_T7_5",0.0767857142857143,0.296428571428571,0,0.626785714285714,0
"718",251,"KOUG_K2_T7_10",0.0126582278481013,0.180831826401447,0,0.806509945750452,0
"719",252,"KOUG_K2_T7_14",0,0.241071428571429,0,0.758928571428571,0
"720",253,"KOUG_K2_T7_11",0,0.132854578096948,0,0.867145421903052,0
"721",254,"KOUG_K2_T7_15",0,0.645276292335116,0,0.354723707664884,0
"722",255,"KOUG_K2_T7_18",0.0284697508896797,0.580071174377224,0,0.391459074733096,0
"723",256,"KOUG_K2_T7_16",0.301075268817204,0.593189964157706,0,0.0537634408602151,0
"724",257,"COUN_C1_T20_21",0.0700179533213645,0.429084380610413,0,0.500897666068223,0
"725",258,"COUN_C1_T20_17",0.0448028673835125,0.435483870967742,0,0.519713261648746,0
"726",259,"COUN_C1_T20_12",0.0285204991087344,0.780748663101604,0,0.190730837789661,0
"727",260,"COUN_C1_T20_7",0.0558558558558559,0.576576576576577,0,0.367567567567568,0
"728",261,"COUN_C1_T20_11",0.0124777183600713,0.844919786096257,0,0.142602495543672,0
"729",262,"COUN_C1_T20_6",0.253164556962025,0.687160940325497,0,0.0596745027124774,0
"730",263,"COUN_C1_T20_10",0.0661896243291592,0.779964221824687,0,0.153846153846154,0
"731",264,"COUN_C1_T20_14",0.0922242314647378,0.609403254972875,0,0.298372513562387,0
"732",265,"COUN_C1_T20_18",0.0213523131672598,0.188612099644128,0,0.790035587188612,0
"733",266,"COUN_C1_T20_19",0.0660714285714286,0.767857142857143,0,0.166071428571429,0
"734",267,"KOUG_K5_T17_12",0.0287769784172662,0.91726618705036,0,0.0539568345323741,0
"735",268,"KOUG_K5_T17_9",0.0577617328519856,0.606498194945848,0,0.335740072202166,0
"736",269,"KOUG_K5_T17_13",0.123655913978495,0.618279569892473,0,0.258064516129032,0
"737",270,"KOUG_K5_T17_16",0.032258064516129,0.444444444444444,0,0.523297491039427,0
"738",271,"KOUG_K5_T17_18",0.231729055258467,0.32620320855615,0,0.442067736185383,0
"739",272,"KOUG_K5_T17_21",0.0625,0.6875,0,0.25,0
"740",273,"KOUG_K5_T17_24",0.3375,0.446428571428571,0,0.216071428571429,0
"741",274,"KOUG_K5_T17_25",0.262032085561497,0.556149732620321,0,0.181818181818182,0
"742",275,"KOUG_K5_T17_23",0.141323792486583,0.81216457960644,0,0.0465116279069767,0
"743",276,"KOUG_K5_T17_17",0,0.990990990990991,0.00900900900900901,0,0
"744",277,"COUN_C1_T13_7",0.046594982078853,0.028673835125448,0.0161290322580645,0.808243727598566,0.0340501792114695
"745",278,"COUN_C1_T13_10",0.0106761565836299,0.00355871886120996,0.00889679715302491,0.891459074733096,0.0213523131672598
"746",279,"COUN_C1_T13_14",0.037567084078712,0.101967799642218,0,0.813953488372093,0
"747",280,"COUN_C1_T13_19",0.00355871886120996,0.00889679715302491,0,0.941281138790036,0
"748",281,"COUN_C1_T13_23",0.00719424460431655,0.0827338129496403,0,0.841726618705036,0.0179856115107914
"749",282,"COUN_C1_T13_18",0.0659536541889483,0.322638146167558,0,0.611408199643494,0
"750",283,"COUN_C1_T13_12",0.012589928057554,0.323741007194245,0,0.663669064748201,0
"751",284,"COUN_C1_T13_8",0,0.461675579322638,0,0.538324420677362,0
"752",285,"COUN_C1_T13_5",0.10126582278481,0.591320072332731,0,0.307414104882459,0
"753",286,"COUN_C1_T13_3",0.0250447227191413,0.483005366726297,0,0.491949910554562,0
"754",287,"COUN_C1_T13_6",0,0.0035650623885918,0,0.996434937611408,0
"755",288,"COUN_C1_T13_4",0.0587188612099644,0.135231316725979,0,0.806049822064057,0
"756",289,"TELL_T2_T2_31",0.170515097690941,0.646536412078153,0,0.182948490230906,0
"757",290,"TELL_T2_T2_36",0.102702702702703,0.477477477477477,0,0.41981981981982,0
"758",291,"TELL_T2_T2_30",0.101604278074866,0.532976827094474,0,0.36541889483066,0
"759",292,"TELL_T2_T2_25",0.194594594594595,0.52972972972973,0,0.25045045045045,0.0252252252252252
"760",293,"TELL_T2_T2_19",0.155234657039711,0.442238267148014,0,0.330324909747292,0.0722021660649819
"761",294,"TELL_T2_T2_14",0.140819964349376,0.429590017825312,0,0.385026737967914,0.0445632798573975
"762",295,"TELL_T2_T2_9",0.132142857142857,0.598214285714286,0,0.269642857142857,0
"763",296,"TELL_T2_T2_5",0.119429590017825,0.82174688057041,0,0.0588235294117647,0
"764",297,"TELL_T2_T2_10",0.263537906137184,0.729241877256318,0,0.0072202166064982,0
"765",298,"TELL_T2_T2_15",0.282882882882883,0.675675675675676,0,0.0306306306306306,0.0108108108108108
"766",299,"TELL_T2_T2_20",0.334525939177102,0.65474060822898,0,0.0107334525939177,0
"767",300,"TELL_T2_T2_26",0.360215053763441,0.56989247311828,0,0.0698924731182796,0
"768",301,"COUN_C3_T3_10",0.231182795698925,0.618279569892473,0.028673835125448,0.121863799283154,0
"769",302,"COUN_C3_T3_7",0.236559139784946,0.57168458781362,0,0.191756272401434,0
"770",303,"COUN_C3_T3_11",0.101243339253996,0.563055062166963,0,0.335701598579041,0
"771",304,"COUN_C3_T3_15",0.1125,0.803571428571429,0,0.0839285714285714,0
"772",305,"COUN_C3_T3_18",0.222222222222222,0.670250896057348,0,0.10752688172043,0
"773",306,"COUN_C3_T3_21",0.0773381294964029,0.784172661870504,0,0.138489208633094,0
"774",307,"COUN_C3_T3_19",0.199643493761141,0.454545454545455,0.017825311942959,0.327985739750446,0
"775",308,"COUN_C3_T3_16",0.334525939177102,0.254025044722719,0,0.411449016100179,0
"776",309,"COUN_C3_T3_12",0.343416370106762,0.487544483985765,0.00889679715302491,0.160142348754448,0
"777",310,"COUN_C3_T3_8",0.303249097472924,0.362815884476534,0,0.333935018050542,0
"778",311,"COUN_C3_T3_4",0.387096774193548,0.539426523297491,0,0.0734767025089606,0
"779",312,"KOUG_K1_T9_6",0.163375224416517,0.58886894075404,0.00538599640933573,0.242369838420108,0
"780",313,"KOUG_K1_T9_9",0.161921708185053,0.692170818505338,0,0.145907473309609,0
"781",314,"KOUG_K1_T9_13",0.172905525846702,0.770053475935829,0,0.0570409982174688,0
"782",315,"KOUG_K1_T9_18",0.114081996434938,0.857397504456328,0,0.0285204991087344,0
"783",316,"KOUG_K1_T9_21",0.225806451612903,0.689964157706093,0,0.0842293906810036,0
"784",317,"KOUG_K1_T9_23",0.341030195381883,0.547069271758437,0,0.11190053285968,0
"785",318,"KOUG_K1_T9_24",0.203237410071942,0.703237410071942,0,0.0935251798561151,0
"786",319,"KOUG_K1_T9_22",0.119856887298748,0.815742397137746,0,0.0644007155635063,0
"787",320,"KOUG_K1_T9_19",0.151515151515152,0.848484848484849,0,0,0
"788",321,"KOUG_K1_T9_15",0.295495495495495,0.661261261261261,0,0.0432432432432432,0
"789",322,"KOUG_K2_T26_17",0.131907308377897,0.477718360071301,0,0.390374331550802,0
"790",323,"KOUG_K2_T26_13",0.0942028985507246,0.61231884057971,0,0.293478260869565,0
"791",324,"KOUG_K2_T26_9",0.0944741532976827,0.490196078431373,0,0.415329768270945,0
"792",325,"KOUG_K2_T26_12",0.0770609318996416,0.360215053763441,0,0.562724014336918,0
"793",326,"KOUG_K2_T26_15",0.071301247771836,0.71301247771836,0,0.215686274509804,0
"794",327,"KOUG_K2_T26_18",0.01985559566787,0.98014440433213,0,0,0
"795",328,"KOUG_K2_T26_21",0,0.99820788530466,0,0.0017921146953405,0
"796",329,"KOUG_K2_T26_19",0.0198198198198198,0.98018018018018,0,0,0
"797",330,"KOUG_K2_T26_16",0.0982142857142857,0.894642857142857,0,0.00714285714285714,0
"798",331,"KOUG_K2_T26_20",0.0553571428571429,0.944642857142857,0,0,0
"799",332,"TELL_T1_T7_18",0.153846153846154,0.0697674418604651,0,0.776386404293381,0
"800",333,"TELL_T1_T7_13",0.399638336347197,0.566003616636528,0,0.0343580470162749,0
"801",334,"TELL_T1_T7_8",0.275,0.383928571428571,0,0.341071428571429,0
"802",335,"TELL_T1_T7_12",0.17741935483871,0.634408602150538,0,0.188172043010753,0
"803",336,"TELL_T1_T7_17",0.0928571428571429,0.375,0,0.532142857142857,0
"804",337,"TELL_T1_T7_21",0.310714285714286,0.248214285714286,0,0.441071428571429,0
"805",338,"TELL_T1_T7_24",0.234347048300537,0.617173524150268,0,0.148479427549195,0
"806",339,"TELL_T1_T7_26",0.0709219858156028,0.283687943262411,0,0.645390070921986,0
"807",340,"TELL_T1_T7_28",0.224014336917563,0.541218637992832,0,0.234767025089606,0
"808",341,"TELL_T1_T7_27",0.114285714285714,0.360714285714286,0,0.525,0
"809",342,"TELL_T1_T7_25",0.00897666068222621,0.0538599640933573,0,0.937163375224417,0
"810",343,"TELL_T1_T7_22",0.222222222222222,0.745519713261649,0,0.032258064516129,0
"811",344,"TELL_T2_T14_22",0.7875,0.132142857142857,0,0.0803571428571429,0
"812",345,"TELL_T2_T14_26",0.720142602495544,0.0481283422459893,0,0.231729055258467,0
"813",346,"TELL_T2_T14_29",0.556962025316456,0.253164556962025,0,0.189873417721519,0
"814",347,"TELL_T2_T14_27",0.76978417266187,0.23021582733813,0,0,0
"815",348,"TELL_T2_T14_23",0.754954954954955,0.237837837837838,0,0.00720720720720721,0
"816",349,"TELL_T2_T14_18",0.798214285714286,0.164285714285714,0,0.0375,0
"817",350,"TELL_T2_T14_13",0.696428571428571,0.303571428571429,0,0,0
"818",351,"TELL_T2_T14_7",0,0.499099099099099,0.500900900900901,0,0
"819",352,"TELL_T2_T14_12",0.666068222621185,0.265709156193896,0,0.0682226211849192,0
"820",353,"KOUG_K4_T11_11",0.0355239786856128,0.019538188277087,0.0301953818827709,0.751332149200711,0.134991119005329
"821",354,"KOUG_K4_T11_10",0.182142857142857,0.578571428571429,0,0.223214285714286,0.0160714285714286
"822",355,"KOUG_K4_T11_6",0.474153297682709,0.333333333333333,0,0.190730837789661,0.0017825311942959
"823",356,"KOUG_K4_T11_9",0.351985559566787,0.32129963898917,0,0.326714801444043,0
"824",357,"KOUG_K4_T11_12",0.200357781753131,0.141323792486583,0,0.658318425760286,0
"825",358,"KOUG_K4_T11_15",0.134168157423971,0.806797853309481,0,0.0590339892665474,0
"826",359,"KOUG_K4_T11_17",0.171790235081374,0.368896925858951,0,0.459312839059675,0
"827",360,"KOUG_K4_T11_19",0.150268336314848,0.479427549194991,0,0.370304114490161,0
"828",361,"KOUG_K4_T11_18",0.0711743772241993,0.749110320284697,0,0.179715302491103,0
"829",362,"KOUG_K4_T11_16",0.0980036297640653,0.136116152450091,0,0.765880217785844,0
"830",363,"KOUG_K4_T11_13",0.101604278074866,0.254901960784314,0,0.64349376114082,0
"831",364,"KOUG_K4_T7_1",0.0606060606060606,0.666666666666667,0,0.272727272727273,0
"832",365,"KOUG_K4_T7_4",0.0235081374321881,0.976491862567812,0,0,0
"833",366,"KOUG_K4_T7_7",0.0285714285714286,0.794642857142857,0.00892857142857143,0.167857142857143,0
"834",367,"KOUG_K2_T29_14",0,0.316071428571429,0,0.683928571428571,0
"835",368,"KOUG_K2_T29_11",0.119642857142857,0.2625,0,0.617857142857143,0
"836",369,"KOUG_K2_T29_6",0.0522522522522523,0.0234234234234234,0,0.915315315315315,0.00900900900900901
"837",370,"KOUG_K2_T29_10",0.00886524822695036,0.113475177304965,0,0.877659574468085,0
"838",371,"KOUG_K2_T29_13",0.0088809946714032,0.964476021314387,0,0.0266429840142096,0
"839",372,"KOUG_K2_T29_16",0,0.0660714285714286,0,0.933928571428571,0
"840",373,"KOUG_K2_T29_20",0,0.355871886120996,0,0.644128113879004,0
"841",374,"TELL_T4_T11_27",0.822463768115942,0.177536231884058,0,0,0
"842",375,"TELL_T4_T15_1",0.280357142857143,0.541071428571429,0,0.117857142857143,0
"843",376,"TELL_T4_T15_2",0.258467023172906,0.588235294117647,0,0.153297682709447,0
"844",377,"TELL_T4_T15_5",0.290552584670232,0.144385026737968,0,0.506238859180036,0
"845",378,"TELL_T4_T15_12",0.226785714285714,0.532142857142857,0,0.180357142857143,0.00357142857142857
"846",379,"TELL_T4_T15_16",0.206773618538324,0.67379679144385,0,0.119429590017825,0
"847",380,"TELL_T4_T15_13",0.459074733096085,0.540925266903915,0,0,0
"848",381,"TELL_T4_T15_9",0.369175627240143,0.560931899641577,0,0.0698924731182796,0
"849",382,"TELL_T4_T15_3",0.298561151079137,0.35431654676259,0,0.347122302158273,0
"850",383,"TELL_T4_T15_20",0.517921146953405,0.421146953405018,0,0.010752688172043,0
"851",384,"TELL_T4_T15_21",0.0142857142857143,0.805357142857143,0,0.117857142857143,0
"852",385,"KOUG_K3_T28_10",0,0.117857142857143,0,0.832142857142857,0.00357142857142857
"853",386,"KOUG_K3_T28_7",0.0426287744227353,0.227353463587922,0,0.730017761989343,0
"854",387,"KOUG_K3_T28_4",0.00892857142857143,0.325,0,0.666071428571429,0
"855",388,"KOUG_K3_T28_2",0.025089605734767,0.958781362007168,0,0.0161290322580645,0
"856",389,"KOUG_K5_T4_23",0,0.01985559566787,0,0.98014440433213,0
"857",390,"KOUG_K5_T4_21",0.0339892665474061,0.382826475849732,0,0.583184257602862,0
"858",391,"KOUG_K5_T4_19",0.0695187165775401,0.623885918003565,0,0.306595365418895,0
"859",392,"KOUG_K5_T4_22",0.00889679715302491,0.731316725978648,0,0.259786476868327,0
"860",393,"KOUG_K5_T4_20",0.0323741007194245,0.424460431654676,0,0.543165467625899,0
"861",394,"KOUG_K5_T4_17",0.126785714285714,0.642857142857143,0,0.230357142857143,0
"862",395,"KOUG_K5_T4_15",0.028673835125448,0.863799283154122,0,0.10752688172043,0
"863",396,"KOUG_K5_T4_12",0.0089126559714795,0.483065953654189,0,0.508021390374332,0
"864",397,"KOUG_K5_T4_14",0.0126353790613718,0.557761732851986,0,0.429602888086643,0
"865",398,"KOUG_K5_T4_16",0.0413669064748201,0.0305755395683453,0,0.928057553956835,0
"866",399,"TELL_T2_T1_1",0.277173913043478,0.568840579710145,0.0561594202898551,0.036231884057971,0
"867",400,"TELL_T2_T1_2",0.331550802139037,0.397504456327986,0,0.262032085561497,0.0089126559714795
"868",401,"TELL_T2_T1_5",0.25886524822695,0.413120567375887,0,0.328014184397163,0
"869",402,"TELL_T2_T1_8",0.481012658227848,0.289330922242315,0,0.175406871609403,0
"870",403,"TELL_T2_T1_12",0.5625,0.298214285714286,0.0125,0.126785714285714,0
"871",404,"TELL_T2_T1_14",0.442238267148014,0.267148014440433,0,0.245487364620939,0
"872",405,"TELL_T2_T1_11",0.396797153024911,0.371886120996441,0.0889679715302491,0.142348754448399,0
"873",406,"TELL_T2_T1_4",0.615107913669065,0.210431654676259,0.0197841726618705,0.154676258992806,0
"874",407,"TELL_T2_T1_20",0.320143884892086,0.381294964028777,0,0.278776978417266,0
"875",408,"TELL_T2_T1_23",0.055956678700361,0.886281588447653,0,0.0577617328519856,0
"876",409,"TELL_T2_T1_24",0.150537634408602,0.743727598566308,0,0.10573476702509,0
"877",410,"TELL_T2_T1_22",0.326785714285714,0.435714285714286,0.00357142857142857,0.182142857142857,0
"878",411,"COUN_C2_T21_13",0.128113879003559,0.665480427046263,0.0302491103202847,0.106761565836299,0
"879",412,"COUN_C2_T21_9",0.0319148936170213,0.968085106382979,0,0,0
"880",413,"COUN_C2_T21_5",0.110714285714286,0.853571428571429,0,0.0357142857142857,0
"881",414,"COUN_C2_T21_3",0.199637023593466,0.475499092558984,0,0.32486388384755,0
"882",415,"COUN_C2_T21_1",0.141071428571429,0.726785714285714,0,0.132142857142857,0
"883",416,"COUN_C2_T21_2",0.137745974955277,0.302325581395349,0,0.559928443649374,0
"884",417,"COUN_C2_T21_4",0.378571428571429,0.378571428571429,0,0.242857142857143,0
"885",418,"COUN_C2_T21_8",0.171480144404332,0.514440433212996,0,0.314079422382672,0
"886",419,"COUN_C2_T21_12",0.0339892665474061,0.65474060822898,0,0.311270125223614,0
"887",420,"COUN_C2_T21_17",0.0214669051878354,0.805008944543828,0.0107334525939177,0.123434704830054,0
"888",421,"COUN_C2_T21_15",0.14795008912656,0.780748663101604,0.0124777183600713,0.0071301247771836,0
"889",422,"COUN_C2_T21_14",0.0737410071942446,0.800359712230216,0,0.109712230215827,0
"890",423,"TELL_T3_T6_9",0.517179023508137,0.415913200723327,0.0054249547920434,0.00361663652802893,0
"891",424,"TELL_T3_T6_13",0.726465364120782,0.202486678507993,0.0159857904085258,0.00355239786856128,0.00177619893428064
"892",425,"TELL_T3_T6_17",0.723707664884136,0.245989304812834,0.0017825311942959,0,0
"893",426,"TELL_T3_T6_20",0.181654676258993,0.510791366906475,0.235611510791367,0.0701438848920863,0
"894",427,"TELL_T3_T6_22",0.280797101449275,0.521739130434783,0,0.197463768115942,0
"895",428,"TELL_T3_T6_23",0.2,0.8,0,0,0
"896",429,"TELL_T3_T6_24",0.226618705035971,0.753597122302158,0.0197841726618705,0,0
"897",430,"TELL_T3_T6_21",0.15,0.785714285714286,0.0642857142857143,0,0
"898",431,"TELL_T3_T6_18",0.00902527075812274,0.768953068592058,0.222021660649819,0,0
"899",432,"TELL_T3_T6_15",0.0214285714285714,0.946428571428571,0.0321428571428571,0,0
"900",433,"TELL_T3_T6_8",0.108108108108108,0.881081081081081,0.0108108108108108,0,0
"901",434,"TELL_T3_T6_12",0.142602495543672,0.809269162210339,0.0267379679144385,0.0213903743315508,0
"902",435,"COUN_C5_T20_7",0.123434704830054,0.583184257602862,0.00178890876565295,0.175313059033989,0.0536672629695885
"903",436,"COUN_C5_T20_11",0.176470588235294,0.632798573975045,0.0213903743315508,0.114081996434938,0
"904",437,"COUN_C5_T20_14",0.288770053475936,0.691622103386809,0,0.0196078431372549,0
"905",438,"COUN_C5_T20_17",0.242805755395683,0.640287769784173,0,0.116906474820144,0
"906",439,"COUN_C5_T20_13",0.615798922800718,0.251346499102334,0,0.0179533213644524,0.114901256732496
"907",440,"COUN_C5_T20_9",0.437613019891501,0.433996383363472,0,0.11754068716094,0.0108499095840868
"908",441,"COUN_C5_T20_5",0.425,0.466071428571429,0,0.108928571428571,0
"909",442,"COUN_C5_T20_2",0.452593917710197,0.268336314847943,0,0.196779964221825,0.0518783542039356
"910",443,"COUN_C5_T20_1",0.119429590017825,0.27807486631016,0.0855614973262032,0.0766488413547237,0.431372549019608
"911",444,"COUN_C5_T20_4",0.154676258992806,0.298561151079137,0.0665467625899281,0.0107913669064748,0.469424460431655
"912",445,"KOUG_K2_T10_3",0.0196078431372549,0.0819964349376114,0,0.862745098039216,0
"913",446,"KOUG_K2_T10_7",0.150709219858156,0.264184397163121,0,0.585106382978723,0
"914",447,"KOUG_K2_T10_11",0.0448028673835125,0.532258064516129,0,0.422939068100358,0
"915",448,"KOUG_K2_T10_15",0.0107334525939177,0.87298747763864,0,0.116279069767442,0
"916",449,"KOUG_K2_T10_19",0.0353982300884956,0.964601769911504,0,0,0
