"","id","date","julian","year","start_time","min_after_sun","observer","tempf","sky","hear"
"1","KOUG_4_19_16",2019-05-10,130,2019,06:00:00,1,"KW",38,"0",2
"2","KOUG_4_19_19",2019-05-10,130,2019,07:07:00,68,"KW",39,"0",2
"3","KOUG_4_19_21",2019-05-10,130,2019,07:43:00,104,"KW",38,"0",3
"4","KOUG_4_19_1",2019-05-11,131,2019,05:22:00,-34,"DS",37,"0",1
"5","KOUG_4_19_6",2019-05-11,131,2019,06:17:00,21,"DS",37,"0",1
"6","KOUG_4_19_12",2019-05-11,131,2019,07:10:00,74,"DS",38,"1",1
"7","KOUG_4_19_8",2019-05-11,131,2019,07:49:00,113,"DS",37,"1",1
"8","KOUG_4_19_11",2019-05-11,131,2019,08:39:00,163,"DS",39,"1",1
"9","KOUG_4_19_7",2019-05-11,131,2019,09:18:00,202,"DS",39,"1",2
"10","KOUG_4_19_10",2019-05-11,131,2019,10:03:00,247,"DS",39,"0",0
"11","KOUG_4_19_15",2019-05-11,131,2019,10:48:00,292,"DS",41,"0",0
"12","TELL_5_16_24",2019-05-12,132,2019,05:36:00,-16,"KW",36,"2,3,4",0
"13","TELL_5_16_26",2019-05-12,132,2019,06:29:00,37,"KW",34,"2,3,4",0
"14","TELL_5_16_25",2019-05-12,132,2019,07:30:00,98,"KW",37,"2,3,4",0
"15","TELL_5_16_23",2019-05-12,132,2019,08:35:00,163,"KW",37,"2,3,4",0
"16","TELL_5_16_20",2019-05-12,132,2019,09:15:00,203,"KW",28,"2,3,4",0
"17","TELL_5_16_22",2019-05-12,132,2019,10:00:00,248,"KW",36,"2,3,4",1
"18","KOUG_4_6_13",2019-05-13,133,2019,05:40:00,-9,"DS",36,"2",1
"19","KOUG_4_6_18",2019-05-13,133,2019,06:19:00,30,"DS",37,"2",0
"20","KOUG_4_6_29",2019-05-13,133,2019,07:38:00,109,"DS",39,"2",0
"21","KOUG_4_6_24",2019-05-13,133,2019,07:01:00,72,"DS",38,"2",1
"22","KOUG_4_6_32",2019-05-13,133,2019,08:23:00,154,"DS",36,"2",1
"23","KOUG_4_6_34",2019-05-13,133,2019,09:08:00,199,"DS",36,"2",2
"24","KOUG_4_6_31",2019-05-13,133,2019,09:51:00,242,"DS",37,"2,3,4",3
"25","KOUG_4_6_28",2019-05-13,133,2019,10:31:00,282,"DS",37,"2,4",1
"26","KOUG_4_6_23",2019-05-13,133,2019,11:26:00,337,"DS",40,"2",0
"27","TELL_4_4_12",2019-05-14,134,2019,05:38:00,-8,"KW",38,"0",0
"28","TELL_4_4_8",2019-05-14,134,2019,06:25:00,39,"KW",36,"0",0
"29","TELL_4_4_4",2019-05-14,134,2019,07:14:00,88,"KW",41,"0",0
"30","TELL_4_4_9",2019-05-14,134,2019,07:59:00,133,"KW",39,"0",1
"31","TELL_4_4_14",2019-05-14,134,2019,08:45:00,179,"KW",40,"0",1
"32","TELL_4_4_18",2019-05-14,134,2019,09:20:00,214,"KW",40,"1",1
"33","TELL_4_4_21",2019-05-14,134,2019,09:57:00,251,"KW",46,"1",0
"34","TELL_4_4_24",2019-05-14,134,2019,10:29:00,283,"KW",51,"0",1
"35","TELL_4_4_26",2019-05-14,134,2019,11:20:00,334,"KW",42,"1",2
"36","TELL_4_4_23",2019-05-14,134,2019,11:45:00,359,"KW",41,"1",2
"37","COUN_3_12_1",2019-05-15,135,2019,05:40:00,-2,"DS",41,"1",0
"38","COUN _3_12_4",2019-05-15,135,2019,06:16:00,34,"DS",39,"1",1
"39","COUN_3_12_7",2019-05-15,135,2019,06:53:00,71,"DS",39,"1",1
"40","COUN_3_12_9",2019-05-15,135,2019,07:36:00,114,"DS",41,"1",0
"41","COUN_3_12_11",2019-05-15,135,2019,08:20:00,158,"DS",42,"1",0
"42","COUN_3_12_13",2019-05-15,135,2019,09:01:00,199,"DS",41,"1",2
"43","COUN_3_12_10",2019-05-15,135,2019,09:56:00,254,"DS",41,"1",1
"44","COUN_3_12_8",2019-05-15,135,2019,10:34:00,292,"DS",40,"1",2
"45","COUN_3_12_6",2019-05-15,135,2019,11:05:00,323,"DS",41,"1",2
"46","KOUG_4_21_5",2019-05-17,137,2019,05:05:00,-31,"KW",39,"0",1
"47","KOUG_4_21_8",2019-05-17,137,2019,05:40:00,4,"KW",43,"0",0
"48","KOUG_4_21_12",2019-05-17,137,2019,06:28:00,52,"KW",48,"0",0
"49","KOUG_4_21_15",2019-05-17,137,2019,07:07:00,91,"KW",48,"0",0
"50","KOUG_4_21_18",2019-05-17,137,2019,07:52:00,136,"KW",42,"0",1
"51","KOUG_4_21_22",2019-05-17,137,2019,08:23:00,167,"KW",43,"0",0
"52","KOUG_4_21_17",2019-05-17,137,2019,09:09:00,213,"KW",47,"0",0
"53","KOUG_4_21_21",2019-05-17,137,2019,09:47:00,251,"KW",46,"0",2
"54","KOUG_4_21_26",2019-05-17,137,2019,10:27:00,291,"KW",43,"0",2
"55","KOUG_4_21_20",2019-05-17,137,2019,10:55:00,319,"KW",43,"0",0
"56","KOUG_4_21_16",2019-05-17,137,2019,11:26:00,350,"KW",57,"0",0
"57","KOUG_4_21_14",2019-05-17,137,2019,11:52:00,376,"KW",43,"0",1
"58","COUN_5_12_1",2019-05-18,138,2019,05:55:00,23,"DS",39,"2",1
"59","COUN_5_12_2",2019-05-18,138,2019,06:41:00,69,"DS",40,"2",1
"60","COUN_5_12_5",2019-05-18,138,2019,07:20:00,108,"DS",40,"2",1
"61","COUN_5_12_9",2019-05-18,138,2019,08:00:00,148,"DS",41,"2",1
"62","COUN_5_12_14",2019-05-18,138,2019,08:31:00,179,"DS",41,"2,3,4",1
"63","COUN_5_12_10",2019-05-18,138,2019,09:07:00,215,"DS",40,"2,3,4",1
"64","COUN_5_12_7",2019-05-18,138,2019,09:40:00,248,"DS",40,"2,3,4",1
"65","COUN_4_10_10",2019-05-19,139,2019,05:39:00,10,"KW",38,"2",0
"66","COUN_4_10_15",2019-05-19,139,2019,06:17:00,48,"KW",40,"2",0
"67","COUN_4_10_11",2019-05-19,139,2019,07:22:00,113,"KW",40,"0",1
"68","COUN_4_10_16",2019-05-19,139,2019,07:53:00,144,"KW",39,"0",1
"69","COUN_4_10_12",2019-05-19,139,2019,08:27:00,178,"KW",42,"0",1
"70","COUN_4_10_8",2019-05-19,139,2019,09:02:00,213,"KW",43,"0",2
"71","COUN_4_10_4",2019-05-19,139,2019,09:37:00,248,"KW",41,"0",2
"72","COUN_4_10_7",2019-05-19,139,2019,10:17:00,288,"KW",43,"0",2
"73","COUN_4_10_6",2019-05-19,139,2019,11:06:00,337,"KW",45,"0",1
"74","TELL_5_23_2",2019-05-20,140,2019,05:28:00,2,"DS",46,"1",3
"75","TELL_5_23_4",2019-05-20,140,2019,06:10:00,44,"DS",46,"1",2
"76","TELL_5_23_6",2019-05-20,140,2019,06:49:00,83,"DS",45,"1",1
"77","TELL_5_23_10",2019-05-20,140,2019,07:37:00,131,"DS",44,"1",1
"78","TELL_5_23_14",2019-05-20,140,2019,08:15:00,169,"DS",46,"1",1
"79","TELL_5_23_11",2019-05-20,140,2019,08:46:00,200,"DS",46,"1",2
"80","TELL_5_23_8",2019-05-20,140,2019,09:15:00,229,"DS",47,"1",2
"81","TELL_5_23_5",2019-05-20,140,2019,10:06:00,280,"DS",53,"1",1
"82","TELL_5_23_3",2019-05-20,140,2019,10:43:00,317,"DS",51,"1",2
"83","TELL_5_23_1",2019-05-20,140,2019,11:19:00,353,"DS",49,"1",1
"84","TELL_3_1_1",2019-05-22,142,2019,05:08:00,-11,"KW",36,"2",1
"85","TELL_3_1_5",2019-05-22,142,2019,05:45:00,26,"KW",36,"2",1
"86","TELL_3_1_9",2019-05-22,142,2019,06:21:00,62,"KW",36,"2",1
"87","TELL_3_1_13",2019-05-22,142,2019,06:55:00,96,"KW",37,"2",1
"88","TELL_3_1_16",2019-05-22,142,2019,07:24:00,125,"KW",37,"2",1
"89","TELL_3_1_20",2019-05-22,142,2019,07:54:00,155,"KW",37,"2",1
"90","TELL_3_1_17",2019-05-22,142,2019,08:26:00,187,"KW",38,"2",1
"91","TELL_3_1_21",2019-05-22,142,2019,08:55:00,216,"KW",38,"2",1
"92","TELL_3_1_18",2019-05-22,142,2019,09:30:00,251,"KW",39,"2",1
"93","TELL_3_1_14",2019-05-22,142,2019,10:08:00,289,"KW",40,"1",0
"94","TELL_3_1_10",2019-05-22,142,2019,10:50:00,331,"KW",44,"1",1
"95","COUN_4_14_23",2019-05-25,145,2019,05:21:00,11,"DS",33,"0",1
"96","COUN_4_14_25",2019-05-25,145,2019,05:54:00,44,"DS",33,"0",0
"97","COUN_4_14_24",2019-05-25,145,2019,06:31:00,81,"DS",34,"0",0
"98","COUN_4_14_21",2019-05-25,145,2019,07:02:00,112,"DS",36,"0",0
"99","COUN_4_14_18",2019-05-25,145,2019,07:43:00,153,"DS",39,"0",0
"100","COUN_4_14_15",2019-05-25,145,2019,08:15:00,185,"DS",40,"0",0
"101","COUN_4_14_11",2019-05-25,145,2019,08:50:00,220,"DS",43,"0",0
"102","COUN_4_14_14",2019-05-25,145,2019,09:24:00,254,"DS",45,"0",1
"103","COUN_4_14_17",2019-05-25,145,2019,09:58:00,288,"DS",47,"0",0
"104","COUN_4_14_20",2019-05-21,141,2019,08:08:00,165,"DS",38,"2",1
"105","KOUG_3_20_3",2019-05-27,147,2019,04:57:00,-7,"KW",39,"2",1
"106","KOUG_3_20_6",2019-05-27,147,2019,05:43:00,39,"KW",40,"2",0
"107","KOUG_3_20_9",2019-05-27,147,2019,06:19:00,75,"KW",38,"2",1
"108","KOUG_3_20_13",2019-05-27,147,2019,06:57:00,113,"KW",39,"2",1
"109","KOUG_3_20_17",2019-05-27,147,2019,07:45:00,161,"KW",42,"2",0
"110","KOUG_3_20_20",2019-05-27,147,2019,08:15:00,191,"KW",47,"1",0
"111","KOUG_3_20_16",2019-05-27,147,2019,09:02:00,238,"KW",50,"2",0
"112","KOUG_3_20_11",2019-05-27,147,2019,09:39:00,275,"KW",56,"2",0
"113","KOUG_3_20_8",2019-05-27,147,2019,10:15:00,311,"KW",42,"1",0
"114","KOUG_3_20_5",2019-05-27,147,2019,10:43:00,339,"KW",50,"2",0
"115","TELL_4_18_21",2019-05-28,148,2019,05:18:00,17,"DS",40,"2",0
"116","TELL_4_18_22",2019-05-28,148,2019,05:56:00,55,"DS",37,"2",0
"117","TELL_4_18_20",2019-05-28,148,2019,06:31:00,90,"DS",36,"2",0
"118","TELL_4_18_18",2019-05-28,148,2019,07:05:00,124,"DS",35,"2,3",1
"119","TELL_4_18_17",2019-05-28,148,2019,07:48:00,167,"DS",34,"2,3",0
"120","TELL_4_18_16",2019-05-28,148,2019,08:17:00,196,"DS",34,"2,3",0
"121","TELL_4_18_13",2019-05-28,148,2019,08:45:00,224,"DS",36,"2,3",0
"122","TELL_4_18_15",2019-05-28,148,2019,09:17:00,256,"DS",38,"2,3",0
"123","TELL_4_18_19",2019-05-28,148,2019,10:11:00,310,"DS",36,"2,3",0
"124","TELL_2_22_14",2019-05-29,149,2019,05:04:00,6,"KW",37,"1",1
"125","TELL_2_22_12",2019-05-29,149,2019,05:42:00,44,"KW",38,"2",1
"126","TELL_2_22_10",2019-05-29,149,2019,06:27:00,89,"KW",50,"2",1
"127","TELL_2_22_11",2019-05-29,149,2019,07:16:00,138,"KW",47,"2",0
"128","TELL_2_22_13",2019-05-29,149,2019,08:12:00,194,"KW",41,"2",0
"129","TELL_2_22_15",2019-05-29,149,2019,08:50:00,232,"KW",36,"2",1
"130","TELL_2_22_17",2019-05-29,149,2019,09:25:00,267,"KW",43,"1",2
"131","TELL_2_22_19",2019-05-29,149,2019,10:04:00,306,"KW",44,"2",2
"132","TELL_2_22_18",2019-05-29,149,2019,10:34:00,336,"KW",47,"1",2
"133","TELL_2_22_16",2019-05-29,149,2019,11:07:00,369,"KW",48,"2",1
"134","COUN_3_19_3",2019-05-30,150,2019,05:06:00,11,"DS",41,"2",3
"135","COUN_3_19_7",2019-05-30,150,2019,05:44:00,49,"DS",41,"2",2
"136","COUN_3_19_11",2019-05-30,150,2019,06:25:00,90,"DS",41,"1",2
"137","COUN_3_19_14",2019-05-30,150,2019,07:04:00,129,"DS",39,"1",2
"138","COUN_3_19_17",2019-05-30,150,2019,07:42:00,167,"DS",41,"1",1
"139","COUN_3_19_19",2019-05-30,150,2019,08:21:00,206,"DS",43,"2",1
"140","COUN_3_19_16",2019-05-30,150,2019,08:54:00,239,"DS",42,"1",1
"141","COUN_3_19_13",2019-05-30,150,2019,09:36:00,281,"DS",43,"1",2
"142","COUN_3_19_10",2019-05-30,150,2019,10:06:00,311,"DS",45,"1",2
"143","COUN_3_19_6",2019-05-30,150,2019,10:40:00,345,"DS",49,"1",1
"144","TELL_4_9_24",2019-05-31,151,2019,05:00:00,8,"KW",43,"1",0
"145","TELL_4_9_21",2019-05-31,151,2019,05:39:00,47,"KW",45,"1",0
"146","TELL_4_9_18",2019-05-31,151,2019,06:09:00,77,"KW",51,"1",1
"147","TELL_4_9_15",2019-05-31,151,2019,06:37:00,105,"KW",50,"1",0
"148","TELL_4_9_12",2019-05-31,151,2019,07:06:00,134,"KW",52,"0",0
"149","TELL_4_9_7",2019-05-31,151,2019,07:36:00,164,"KW",49,"1",1
"150","TELL_4_9_3",2019-05-31,151,2019,08:09:00,197,"KW",47,"1",1
"151","TELL_4_9_6",2019-05-31,151,2019,08:59:00,247,"KW",46,"2",0
"152","TELL_4_9_10",2019-05-31,151,2019,09:30:00,278,"KW",49,"2",0
"153","TELL_4_9_17",2019-05-31,151,2019,10:07:00,315,"KW",53,"2",0
"154","TELL_3_21_1",2019-06-01,152,2019,04:35:00,-15,"DS",49,"2",0
"155","TELL_3_21_2",2019-06-01,152,2019,05:03:00,13,"DS",50,"2",1
"156","TELL_3_21_4",2019-06-01,152,2019,05:40:00,50,"DS",50,"2",0
"157","TELL_3_21_6",2019-06-01,152,2019,06:08:00,78,"DS",48,"2",1
"158","TELL_3_21_9",2019-06-01,152,2019,06:43:00,113,"DS",49,"2",2
"159","TELL_3_21_8",2019-06-01,152,2019,07:26:00,156,"DS",45,"2",1
"160","TELL_3_21_10",2019-06-01,152,2019,07:56:00,186,"DS",44,"2",3
"161","TELL_3_21_7",2019-06-01,152,2019,08:29:00,219,"DS",47,"2",2
"162","TELL_3_21_5",2019-06-01,152,2019,09:08:00,258,"DS",49,"2",1
"163","TELL_3_21_3",2019-06-01,152,2019,09:37:00,287,"DS",50,"2",0
"164","KOUG_1_3_17",2019-06-03,154,2019,04:41:00,-3,"KW",36,"1",0
"165","KOUG_1_3_15",2019-06-03,154,2019,05:24:00,40,"KW",42,"1",0
"166","KOUG_1_3_13",2019-06-03,154,2019,06:18:00,94,"KW",44,"1",0
"167","KOUG_1_3_11",2019-06-03,154,2019,06:47:00,123,"KW",49,"2",0
"168","KOUG_1_3_8",2019-06-03,154,2019,07:19:00,155,"KW",50,"2",0
"169","KOUG_1_3_6",2019-06-03,154,2019,07:49:00,185,"KW",50,"2",0
"170","KOUG_1_3_3",2019-06-03,154,2019,08:20:00,216,"KW",53,"2",0
"171","KOUG_1_3_5",2019-06-03,154,2019,08:53:00,249,"KW",48,"2",0
"172","KOUG_1_3_7",2019-06-03,154,2019,09:30:00,286,"KW",48,"2",0
"173","KOUG_1_3_10",2019-06-03,154,2019,10:03:00,319,"KW",54,"1",0
"174","KOUG_1_17_14",2019-06-04,155,2019,04:34:00,-8,"DS",36,"0",0
"175","KOUG_1_17_11",2019-06-04,155,2019,05:11:00,29,"DS",35,"0",0
"176","KOUG_1_17_8",2019-06-04,155,2019,05:52:00,70,"DS",40,"0",0
"177","KOUG_1_17_5",2019-06-04,155,2019,06:39:00,117,"DS",43,"0",0
"178","KOUG_1_17_2",2019-06-04,155,2019,07:17:00,155,"DS",48,"0",0
"179","KOUG_1_17_4",2019-06-04,155,2019,07:56:00,194,"DS",55,"0",0
"180","KOUG_1_17_1",2019-06-04,155,2019,08:34:00,232,"DS",50,"0",0
"181","KOUG_1_17_3",2019-06-04,155,2019,09:22:00,280,"DS",53,"0",0
"182","KOUG_1_17_7",2019-06-04,155,2019,10:00:00,318,"DS",57,"0",0
"183","KOUG_1_17_10",2019-06-04,155,2019,10:35:00,353,"DS",59,"0",0
"184","COUN_3_10_18",2019-06-05,156,2019,04:38:00,-1,"KW",36,"3",2
"185","COUN_3_10_14",2019-06-05,156,2019,05:07:00,28,"KW",37,"3",1
"186","COUN_3_10_10",2019-06-05,156,2019,05:55:00,76,"KW",32,"3",0
"187","COUN_3_10_13",2019-06-05,156,2019,06:24:00,105,"KW",36,"3",0
"188","COUN_3_10_16",2019-06-05,156,2019,07:00:00,141,"KW",38,"3",0
"189","COUN_3_10_20",2019-06-05,156,2019,07:36:00,177,"KW",37,"3",0
"190","COUN_3_10_25",2019-06-05,156,2019,08:06:00,207,"KW",42,"0",1
"191","COUN_3_10_29",2019-06-05,156,2019,08:40:00,241,"KW",43,"0",0
"192","COUN_3_10_26",2019-06-05,156,2019,09:28:00,289,"KW",45,"0",0
"193","COUN_3_10_22",2019-06-05,156,2019,10:06:00,327,"KW",51,"0",0
"194","TELL_1_19_4",2019-06-07,158,2019,04:34:00,-1,"DS",33,"2,3",0
"195","TELL_1_19_7",2019-06-07,158,2019,05:04:00,29,"DS",34,"2,3",0
"196","TELL_1_19_12",2019-06-07,158,2019,05:37:00,62,"DS",34,"2,3",0
"197","TELL_1_19_17",2019-06-07,158,2019,06:13:00,98,"DS",33,"2,3",0
"198","TELL_1_19_13",2019-06-07,158,2019,06:44:00,129,"DS",34,"2,3",0
"199","TELL_1_19_18",2019-06-07,158,2019,07:12:00,157,"DS",33,"3",0
"200","TELL_1_19_21",2019-06-07,158,2019,07:47:00,192,"DS",37,"0,3",0
"201","TELL_1_19_19",2019-06-07,158,2019,08:24:00,229,"DS",36,"3",0
"202","TELL_1_19_14",2019-06-07,158,2019,09:05:00,270,"DS",37,"0,3",0
"203","TELL_1_19_9",2019-06-07,158,2019,09:57:00,322,"DS",38,"3",0
"204","TELL_1_19_8",2019-06-07,158,2019,10:30:00,355,"DS",39,"3",0
"205","TELL_1_19_5",2019-06-07,158,2019,10:57:00,382,"DS",40,"3",0
"206","TELL_1_6_5",2019-06-08,159,2019,04:21:00,-12,"KW",29,"3",0
"207","TELL_1_6_8",2019-06-08,159,2019,04:50:00,17,"KW",30,"3",1
"208","TELL_1_6_11",2019-06-08,159,2019,05:18:00,45,"KW",30,"0,3",0
"209","TELL_1_6_14",2019-06-08,159,2019,05:50:00,77,"KW",32,"0",0
"210","TELL_1_6_12",2019-06-08,159,2019,06:20:00,107,"KW",35,"0",0
"211","TELL_1_6_10",2019-06-08,159,2019,06:57:00,144,"KW",45,"0",0
"212","TELL_1_6_9",2019-06-08,159,2019,07:38:00,185,"KW",49,"0",0
"213","TELL_1_6_6",2019-06-08,159,2019,08:05:00,212,"KW",42,"0",2
"214","TELL_1_6_2",2019-06-08,159,2019,08:35:00,242,"KW",48,"0",0
"215","TELL_1_6_1",2019-06-08,159,2019,09:30:00,297,"KW",51,"0",2
"216","TELL_5_10_1",2019-06-10,161,2019,04:33:00,4,"DS",53,"0",0
"217","TELL_5_10_2",2019-06-10,161,2019,05:05:00,36,"DS",53,"0",2
"218","TELL_5_10_3",2019-06-10,161,2019,05:41:00,72,"DS",52,"0",0
"219","TELL_5_10_5",2019-06-10,161,2019,06:16:00,107,"DS",54,"0",0
"220","TELL_5_10_9",2019-06-10,161,2019,06:49:00,140,"DS",56,"0",1
"221","TELL_5_10_6",2019-06-10,161,2019,07:26:00,177,"DS",54,"0",0
"222","TELL_5_10_10",2019-06-10,161,2019,07:57:00,208,"DS",55,"0",0
"223","TELL_5_10_7",2019-06-10,161,2019,08:28:00,239,"DS",57,"0",0
"224","TELL_5_10_4",2019-06-10,161,2019,09:13:00,284,"DS",60,"0",0
"225","COUN_2_17_19",2019-06-11,162,2019,04:25:00,-2,"KW",41,"1",1
"226","COUN_2_17_17",2019-06-11,162,2019,05:15:00,48,"KW",52,"1",0
"227","COUN_2_17_15",2019-06-11,162,2019,05:51:00,84,"KW",53,"1",0
"228","COUN_2_17_13",2019-06-11,162,2019,06:22:00,115,"KW",53,"1",0
"229","COUN_2_17_11",2019-06-11,162,2019,06:57:00,150,"KW",54,"1",1
"230","COUN_2_17_8",2019-06-11,162,2019,07:26:00,179,"KW",55,"1",0
"231","COUN_2_17_10",2019-06-11,162,2019,07:55:00,208,"KW",54,"1",1
"232","COUN_2_17_7",2019-06-11,162,2019,08:31:00,244,"KW",54,"2",0
"233","COUN_2_17_9",2019-06-11,162,2019,09:19:00,292,"KW",52,"1",1
"234","COUN_2_17_14",2019-06-11,162,2019,09:55:00,328,"KW",61,"1",0
"235","COUN_1_3_1",2019-06-12,163,2019,04:12:00,-13,"DS",44,"2",0
"236","COUN_1_3_4",2019-06-12,163,2019,04:53:00,28,"DS",50,"2",0
"237","COUN_1_3_7",2019-06-12,163,2019,05:25:00,60,"DS",48,"1",1
"238","COUN_1_3_9",2019-06-12,163,2019,05:55:00,90,"DS",48,"1",1
"239","COUN_1_3_12",2019-06-12,163,2019,06:24:00,119,"DS",48,"1",0
"240","COUN_1_3_14",2019-06-12,163,2019,07:01:00,156,"DS",49,"1",1
"241","COUN_1_3_11",2019-06-12,163,2019,07:42:00,197,"DS",52,"1",0
"242","COUN_1_3_8",2019-06-12,163,2019,08:41:00,256,"DS",54,"1",1
"243","COUN_1_3_6",2019-06-12,163,2019,09:18:00,293,"DS",56,"1",0
"244","COUN_1_3_3",2019-06-12,163,2019,09:48:00,323,"DS",56,"1",0
"245","COUN_4_19_1",2019-06-15,166,2019,04:02:00,-20,"KW",50,"0",1
"246","COUN_4_19_4",2019-06-15,166,2019,04:42:00,20,"KW",51,"0",1
"247","COUN_4_19_5",2019-06-15,166,2019,05:11:00,49,"KW",50,"0",1
"248","COUN_4_19_8",2019-06-15,166,2019,05:56:00,94,"KW",46,"0",0
"249","COUN_4_19_13",2019-06-15,166,2019,06:35:00,133,"KW",48,"0",2
"250","COUN_4_19_16",2019-06-15,166,2019,07:18:00,176,"KW",40,"0",2
"251","COUN_4_19_9",2019-06-15,166,2019,08:12:00,230,"KW",49,"0",2
"252","COUN_4_19_6",2019-06-15,166,2019,09:22:00,300,"KW",55,"0",2
"253","COUN_4_19_2",2019-06-15,166,2019,09:59:00,337,"KW",56,"0",3
"254","TELL_2_18_29",2019-06-18,169,2019,04:28:00,9,"KW",42,"0",0
"255","TELL_2_18_24",2019-06-18,169,2019,05:02:00,43,"KW",44,"0",0
"256","TELL_2_18_20",2019-06-18,169,2019,05:32:00,73,"KW",53,"0",0
"257","TELL_2_18_16",2019-06-18,169,2019,06:11:00,112,"KW",51,"0",0
"258","TELL_2_18_8",2019-06-18,169,2019,06:54:00,155,"KW",48,"0",2
"259","TELL_2_18_12",2019-06-18,169,2019,07:27:00,188,"KW",51,"1",1
"260","TELL_2_18_15",2019-06-18,169,2019,07:57:00,218,"KW",53,"1",0
"261","TELL_2_18_19",2019-06-18,169,2019,08:27:00,248,"KW",57,"0",1
"262","TELL_2_18_23",2019-06-18,169,2019,09:21:00,302,"KW",58,"0",0
"263","TELL_2_18_28",2019-06-18,169,2019,09:49:00,330,"KW",60,"0",0
"264","KOUG_5_17_5",2019-06-17,168,2019,04:15:00,-5,"DS",42,"1",0
"265","KOUG_5_17_7",2019-06-17,168,2019,04:45:00,25,"DS",42,"1",0
"266","KOUG_5_17_4",2019-06-17,168,2019,05:16:00,56,"DS",41,"0",0
"267","KOUG_5_17_1",2019-06-17,168,2019,05:48:00,88,"DS",39,"0",0
"268","KOUG_5_17_3",2019-06-17,168,2019,06:20:00,120,"DS",40,"0",0
"269","KOUG_5_17_6",2019-06-17,168,2019,06:50:00,150,"DS",44,"0",0
"270","KOUG_5_17_8",2019-06-17,168,2019,07:18:00,178,"DS",48,"0",0
"271","KOUG_5_17_11",2019-06-17,168,2019,07:48:00,208,"DS",56,"0",0
"272","KOUG_5_17_14",2019-06-17,168,2019,08:17:00,237,"DS",60,"0",0
"273","KOUG_5_17_9",2019-06-17,168,2019,08:52:00,272,"DS",65,"0",0
"274","TELL_1_3_13",2019-06-19,170,2019,04:22:00,3,"DS",53,"0",0
"275","TELL_1_3_17",2019-06-19,170,2019,04:46:00,27,"DS",53,"0",0
"276","TELL_1_3_21",2019-06-19,170,2019,05:12:00,53,"DS",53,"0",0
"277","TELL_1_3_16",2019-06-19,170,2019,05:38:00,79,"DS",55,"0",0
"278","TELL_1_3_20",2019-06-19,170,2019,06:05:00,106,"DS",53,"0",0
"279","TELL_1_3_15",2019-06-19,170,2019,06:30:00,131,"DS",49,"0",0
"280","TELL_1_3_11",2019-06-19,170,2019,07:06:00,167,"DS",57,"0",0
"281","TELL_1_3_8",2019-06-19,170,2019,07:35:00,196,"DS",58,"0",0
"282","TELL_1_3_12",2019-06-19,170,2019,08:07:00,228,"DS",62,"0",0
"283","TELL_1_3_9",2019-06-19,170,2019,08:35:00,256,"DS",62,"0",0
"284","COUN_1_14_20",2019-06-21,172,2019,04:03:00,-16,"DS",41,"0",0
"285","COUN_1_14_17",2019-06-21,172,2019,04:34:00,15,"DS",44,"2,3",0
"286","COUN_1_14_14",2019-06-21,172,2019,05:03:00,44,"DS",43,"2,3",0
"287","COUN_1_14_10",2019-06-21,172,2019,05:32:00,73,"DS",41,"2,3",0
"288","COUN_1_14_11",2019-06-21,172,2019,06:08:00,109,"DS",41,"2,3",0
"289","COUN_1_14_15",2019-06-21,172,2019,06:40:00,141,"DS",43,"1,3",0
"290","COUN_1_14_18",2019-06-21,172,2019,07:25:00,186,"DS",48,"3",0
"291","COUN_2_1_5",2019-06-20,171,2019,04:18:00,-1,"KW",50,"1",1
"292","COUN_2_1_9",2019-06-20,171,2019,04:49:00,30,"KW",56,"1",0
"293","COUN_2_1_12",2019-06-20,171,2019,05:24:00,65,"KW",55,"1",0
"294","COUN_2_1_16",2019-06-20,171,2019,06:01:00,102,"KW",54,"1",0
"295","COUN_2_1_19",2019-06-20,171,2019,06:31:00,132,"KW",54,"1",0
"296","COUN_2_1_17",2019-06-20,171,2019,07:09:00,170,"KW",57,"0",0
"297","COUN_2_1_13",2019-06-20,171,2019,07:37:00,198,"KW",58,"0",0
"298","COUN_2_1_10",2019-06-20,171,2019,08:04:00,225,"KW",59,"0",0
"299","COUN_2_1_6",2019-06-20,171,2019,08:56:00,277,"KW",62,"0",0
"300","COUN_2_1_2",2019-06-20,171,2019,09:37:00,318,"KW",63,"0",2
"301","KOUG_5_21_21",2019-06-25,176,2019,04:17:00,-4,"KW",54,"2",0
"302","KOUG_5_21_22",2019-06-25,176,2019,04:52:00,31,"KW",55,"2",0
"303","KOUG_5_21_20",2019-06-25,176,2019,05:20:00,59,"KW",56,"2",0
"304","KOUG_5_21_17",2019-06-25,176,2019,05:49:00,88,"KW",58,"2",0
"305","KOUG_5_21_19",2019-06-25,176,2019,06:18:00,117,"KW",57,"2",0
"306","KOUG_5_21_16",2019-06-25,176,2019,06:55:00,154,"KW",55,"2",0
"307","KOUG_5_21_13",2019-06-25,176,2019,07:25:00,184,"KW",58,"2",0
"308","KOUG_5_21_11",2019-06-25,176,2019,07:59:00,218,"KW",57,"2",0
"309","KOUG_5_21_12",2019-06-25,176,2019,08:32:00,251,"KW",55,"2",0
"310","KOUG_5_21_15",2019-06-25,176,2019,09:19:00,298,"KW",58,"2",0
"311","KOUG_3_29_22",2019-06-26,177,2019,03:59:00,-24,"DS",58,"2",0
"312","KOUG_3_29_20",2019-06-26,177,2019,04:48:00,25,"DS",56,"2,4",1
"313","KOUG_3_29_18",2019-06-26,177,2019,05:48:00,85,"DS",55,"2,4",1
"314","KOUG_3_29_21",2019-06-26,177,2019,06:25:00,122,"DS",56,"2,4",0
"315","KOUG_5_10_6",2019-07-01,182,2019,04:36:00,5,"DS",48,"2",0
"316","KOUG_5_10_5",2019-07-01,182,2019,05:09:00,38,"DS",47,"2,4",0
"317","KOUG_5_10_2",2019-07-01,182,2019,05:39:00,68,"DS",47,"2,4",0
"318","KOUG_5_10_4",2019-07-01,182,2019,06:06:00,95,"DS",47,"2,4",0
"319","KOUG_5_10_1",2019-07-01,182,2019,06:34:00,123,"DS",47,"2,4",0
"320","KOUG_5_10_3",2019-07-01,182,2019,07:07:00,156,"DS",46,"2,4",0
"321","KOUG_5_10_7",2019-07-01,182,2019,07:34:00,183,"DS",47,"2,4",0
"322","KOUG_5_10_8",2019-07-01,182,2019,08:09:00,218,"DS",47,"2,4",0
"323","KOUG_5_10_11",2019-07-01,182,2019,08:39:00,248,"DS",46,"2",1
"324","KOUG_5_10_9",2019-07-01,182,2019,09:07:00,276,"DS",47,"2,4",0
"325","COUN_2_15_1",2019-06-28,179,2019,04:34:00,9,"KW",56,"0",0
"326","COUN_2_15_2",2019-06-28,179,2019,05:04:00,39,"KW",54,"0",1
"327","COUN_2_15_5",2019-06-28,179,2019,05:29:00,64,"KW",54,"0",1
"328","COUN_2_15_8",2019-06-28,179,2019,05:54:00,89,"KW",59,"0",0
"329","COUN_2_15_13",2019-06-28,179,2019,06:23:00,118,"KW",60,"0",0
"330","COUN_2_15_17",2019-06-28,179,2019,06:49:00,144,"KW",64,"0",0
"331","COUN_2_15_12",2019-06-28,179,2019,07:21:00,176,"KW",67,"0",0
"332","COUN_2_15_16",2019-06-28,179,2019,08:06:00,221,"KW",69,"0",0
"333","COUN_2_15_7",2019-06-28,179,2019,08:42:00,257,"KW",73,"0",1
"334","COUN_2_15_4",2019-06-28,179,2019,09:24:00,299,"KW",65,"0",0
"335","TELL_4_5_11",2019-07-05,186,2019,04:31:00,-9,"DS",50,"2,3",0
"336","TELL_4_5_8",2019-07-05,186,2019,05:07:00,27,"DS",50,"2,3",0
"337","TELL_4_5_7",2019-07-05,186,2019,05:36:00,56,"DS",49,"2,3",0
"338","TELL_4_5_9",2019-07-05,186,2019,06:03:00,83,"DS",49,"2,3",0
"339","TELL_4_5_10",2019-07-05,186,2019,06:41:00,121,"DS",49,"2,3,4",0
"340","TELL_4_5_12",2019-07-05,186,2019,07:18:00,158,"DS",49,"2",0
"341","TELL_4_5_15",2019-07-05,186,2019,07:48:00,188,"DS",50,"2,3,4",0
"342","TELL_4_5_18",2019-07-05,186,2019,08:18:00,218,"DS",50,"2,3",0
"343","TELL_4_5_14",2019-07-05,186,2019,08:47:00,247,"DS",49,"2,3,4",0
"344","COUN_5_2_20",2019-07-04,185,2019,04:22:00,-15,"KW",49,"2",0
"345","COUN_5_2_18",2019-07-04,185,2019,04:52:00,15,"KW",50,"0",1
"346","COUN_5_2_16",2019-07-04,185,2019,05:27:00,50,"KW",48,"2",0
"347","COUN_5_2_19",2019-07-04,185,2019,05:56:00,79,"KW",45,"2",0
"348","COUN_5_2_17",2019-07-04,185,2019,06:24:00,107,"KW",47,"2",0
"349","COUN_5_2_14",2019-07-04,185,2019,06:56:00,139,"KW",47,"3",0
"350","COUN_5_2_11",2019-07-04,185,2019,07:23:00,166,"KW",47,"3",0
"351","COUN_5_2_7",2019-07-04,185,2019,07:57:00,200,"KW",51,"3,4",0
"352","COUN_5_2_10",2019-07-04,185,2019,08:27:00,230,"KW",49,"3",0
"353","COUN_5_2_13",2019-07-04,185,2019,08:55:00,258,"KW",48,"3,4",0
"354","KOUG_5_13_5",2019-07-07,188,2019,04:26:00,-19,"DS",60,"0",0
"355","KOUG_5_13_9",2019-07-07,188,2019,05:13:00,28,"DS",64,"0",0
"356","KOUG_5_13_10",2019-07-07,188,2019,05:56:00,71,"DS",62,"0",1
"357","KOUG_5_13_7",2019-07-07,188,2019,06:23:00,98,"DS",62,"0",2
"358","KOUG_5_13_4",2019-07-07,188,2019,06:52:00,127,"DS",64,"0",2
"359","KOUG_5_13_2",2019-07-07,188,2019,07:24:00,159,"DS",62,"0",1
"360","KOUG_5_13_3",2019-07-07,188,2019,07:54:00,189,"DS",67,"0",1
"361","KOUG_5_13_6",2019-07-07,188,2019,08:39:00,234,"DS",68,"0",1
"362","TELL_2_11_10",2019-07-11,192,2019,04:58:00,2,"DS",53,"0",0
"363","TELL_2_11_7",2019-07-11,192,2019,05:28:00,32,"DS",52,"0",0
"364","TELL_2_11_9",2019-07-11,192,2019,05:59:00,63,"DS",53,"0",1
"365","TELL_2_11_6",2019-07-11,192,2019,06:24:00,88,"DS",50,"0",2
"366","TELL_2_11_12",2019-07-11,192,2019,06:55:00,119,"DS",55,"0",0
"367","TELL_2_11_16",2019-07-11,192,2019,07:26:00,150,"DS",59,"0",0
"368","TELL_2_11_13",2019-07-11,192,2019,07:52:00,176,"DS",59,"0",0
"369","TELL_2_11_21",2019-07-11,192,2019,08:22:00,206,"DS",62,"0",0
"370","TELL_2_11_17",2019-07-11,192,2019,08:48:00,232,"DS",64,"0",0
"371","TELL_2_11_14",2019-07-11,192,2019,09:12:00,256,"DS",65,"0",0
"372","KOUG_5_6_25",2019-07-06,187,2019,04:41:00,-1,"KW",52,"1",0
"373","KOUG_5_6_29",2019-07-06,187,2019,05:11:00,29,"KW",59,"1",0
"374","KOUG_5_6_30",2019-07-06,187,2019,05:50:00,68,"KW",62,"1",0
"375","KOUG_5_6_27",2019-07-06,187,2019,06:18:00,96,"KW",55,"1",1
"376","KOUG_5_6_23",2019-07-06,187,2019,06:55:00,133,"KW",54,"1",1
"377","KOUG_5_6_19",2019-07-06,187,2019,07:28:00,166,"KW",59,"1",2
"378","KOUG_5_6_14",2019-07-06,187,2019,08:12:00,210,"KW",60,"1",0
"379","KOUG_5_6_18",2019-07-06,187,2019,08:45:00,243,"KW",60,"1",0
"380","KOUG_5_6_13",2019-07-06,187,2019,09:32:00,290,"KW",68,"1",0
"381","KOUG_5_6_17",2019-07-06,187,2019,10:00:00,318,"KW",64,"1",0
"382","KOUG_5_6_21",2019-07-06,187,2019,10:30:00,348,"KW",64,"1",0
"383","KOUG_3_21_17",2019-07-14,195,2019,05:00:00,-6,"DS",49,"1,3",0
"384","KOUG_3_21_12",2019-07-14,195,2019,05:43:00,37,"DS",53,"2",0
"385","KOUG_3_21_16",2019-07-14,195,2019,06:09:00,63,"DS",53,"2",0
"386","KOUG_3_21_11",2019-07-14,195,2019,06:41:00,95,"DS",51,"2",2
"387","KOUG_3_21_7",2019-07-14,195,2019,07:23:00,137,"DS",56,"2",1
"388","KOUG_3_21_3",2019-07-14,195,2019,08:00:00,174,"DS",56,"2",0
"389","KOUG_3_21_1",2019-07-14,195,2019,08:34:00,208,"DS",59,"1",0
"390","KOUG_3_21_4",2019-07-14,195,2019,09:07:00,241,"DS",59,"1",0
"391","KOUG_3_21_9",2019-07-14,195,2019,09:35:00,269,"DS",60,"1",0
"392","KOUG_3_21_13",2019-07-14,195,2019,10:03:00,297,"DS",63,"1",0
"393","TELL_3_17_27",2019-07-10,191,2019,04:58:00,4,"KW",66,"0",0
"394","TELL_3_17_24",2019-07-10,191,2019,05:25:00,31,"KW",64,"0",0
"395","TELL_3_17_28",2019-07-10,191,2019,05:53:00,59,"KW",63,"0",0
"396","TELL_3_17_25",2019-07-10,191,2019,06:20:00,86,"KW",62,"0",0
"397","TELL_3_17_21",2019-07-10,191,2019,06:46:00,112,"KW",64,"0",0
"398","TELL_3_17_17",2019-07-10,191,2019,07:14:00,140,"KW",69,"0",0
"399","TELL_3_17_13",2019-07-10,191,2019,07:43:00,169,"KW",70,"0",0
"400","TELL_3_17_16",2019-07-10,191,2019,08:13:00,199,"KW",71,"0",0
"401","TELL_3_17_20",2019-07-10,191,2019,08:42:00,228,"KW",73,"0",0
"402","TELL_3_17_23",2019-07-10,191,2019,09:32:00,278,"KW",75,"0",0
"403","KOUG_1_15_29",2019-07-13,194,2019,04:56:00,-7,"KW",51,"2",0
"404","KOUG_1_15_26",2019-07-13,194,2019,05:29:00,26,"KW",54,"2",0
"405","KOUG_1_15_23",2019-07-13,194,2019,06:09:00,66,"KW",52,"2,3",0
"406","KOUG_1_15_20",2019-07-13,194,2019,06:45:00,102,"KW",53,"2,3",0
"407","KOUG_1_15_24",2019-07-13,194,2019,07:27:00,144,"KW",53,"3",0
"408","KOUG_1_15_27",2019-07-13,194,2019,08:05:00,182,"KW",53,"2",0
"409","KOUG_1_15_30",2019-07-13,194,2019,08:40:00,217,"KW",54,"1",0
"410","TELL_2_22_21",2019-07-16,197,2019,04:43:00,-29,"KW",48,"2,3",0
"411","TELL_2_22_23",2019-07-16,197,2019,05:08:00,-4,"KW",50,"2,3",0
"412","TELL_2_22_26",2019-07-16,197,2019,05:32:00,20,"KW",49,"2,3,",0
"413","TELL_2_22_28",2019-07-16,197,2019,05:56:00,44,"KW",49,"2",0
"414","TELL_2_22_31",2019-07-16,197,2019,06:21:00,69,"KW",50,"2",0
"415","TELL_2_22_33",2019-07-16,197,2019,06:46:00,94,"KW",50,"2,3",0
"416","TELL_2_22_29",2019-07-16,197,2019,07:16:00,124,"KW",48,"2,3",0
"417","TELL_2_22_27",2019-07-16,197,2019,07:38:00,146,"KW",49,"2,3",0
"418","TELL_2_22_24",2019-07-16,197,2019,08:02:00,170,"KW",49,"2,3",0
"419","TELL_2_22_22",2019-07-16,197,2019,08:29:00,197,"KW",51,"2,3",0
"420","KOUG_3_16_11",2019-07-18,199,2019,04:56:00,-22,"KW",49,"2",0
"421","KOUG_3_16_14",2019-07-18,199,2019,05:20:00,2,"KW",50,"2",0
"422","KOUG_3_16_10",2019-07-18,199,2019,05:46:00,28,"KW",51,"2",0
"423","KOUG_3_16_8",2019-07-18,199,2019,06:17:00,59,"KW",50,"2",0
"424","KOUG_3_16_6",2019-07-18,199,2019,06:45:00,87,"KW",54,"2",0
"425","KOUG_3_16_4",2019-07-18,199,2019,07:14:00,116,"KW",50,"2",2
"426","KOUG_3_16_3",2019-07-18,199,2019,07:58:00,160,"KW",51,"3",0
"427","KOUG_3_16_2",2019-07-18,199,2019,08:34:00,196,"KW",47,"3",2
"428","KOUG_3_16_1",2019-07-18,199,2019,09:00:00,222,"KW",48,"3",1
"429","COUN_3_11_38",2019-07-22,203,2019,04:46:00,-45,"KW",47,"2",1
"430","COUN_3_11_39",2019-07-22,203,2019,05:17:00,-14,"KW",47,"2",0
"431","COUN_3_11_37",2019-07-22,203,2019,05:46:00,15,"KW",48,"2",0
"432","COUN_3_11_34",2019-07-22,203,2019,06:30:00,59,"KW",47,"2",0
"433","COUN_3_11_30",2019-07-22,203,2019,06:56:00,85,"KW",49,"2",0
"434","COUN_3_11_25",2019-07-22,203,2019,07:24:00,113,"KW",47,"2",0
"435","COUN_3_11_21",2019-07-22,203,2019,07:50:00,139,"KW",47,"2",0
"436","COUN_3_11_26",2019-07-22,203,2019,08:15:00,164,"KW",48,"2",0
"437","COUN_3_11_31",2019-07-22,203,2019,08:43:00,192,"KW",48,"2",0
"438","COUN_3_11_35",2019-07-22,203,2019,09:18:00,227,"KW",50,"2",0
"439","COUN_4_12_5",2019-07-17,198,2019,04:57:00,-18,"DS",54,"2",0
"440","COUN_4_12_7",2019-07-17,198,2019,05:22:00,7,"DS",54,"2",0
"441","COUN_4_12_9",2019-07-17,198,2019,05:56:00,41,"DS",54,"2",0
"442","COUN_4_12_13",2019-07-17,198,2019,06:31:00,76,"DS",54,"2",0
"443","COUN_4_12_15",2019-07-17,198,2019,07:00:00,105,"DS",54,"2",0
"444","COUN_4_12_12",2019-07-17,198,2019,07:30:00,135,"DS",54,"2",0
"445","COUN_4_12_8",2019-07-17,198,2019,08:05:00,170,"DS",54,"2",0
"446","COUN_4_12_6",2019-07-17,198,2019,08:38:00,203,"DS",52,"2",0
"447","COUN_4_12_4",2019-07-17,198,2019,09:03:00,228,"DS",52,"2",1
"448","COUN_4_12_2",2019-07-17,198,2019,09:32:00,257,"DS",54,"2",3
"449","KOUG_5_25_22",2019-07-19,200,2019,04:53:00,-29,"DS",54,"2",0
"450","KOUG_5_25_20",2019-07-19,200,2019,05:26:00,4,"DS",53,"2",0
"451","KOUG_5_25_19",2019-07-19,200,2019,06:02:00,40,"DS",55,"2",0
"452","KOUG_5_25_17",2019-07-19,200,2019,06:30:00,68,"DS",55,"2",0
"453","KOUG_5_25_15",2019-07-19,200,2019,07:01:00,99,"DS",54,"2",0
"454","KOUG_5_25_11",2019-07-19,200,2019,07:32:00,130,"DS",54,"2,3",0
"455","KOUG_5_25_14",2019-07-19,200,2019,08:05:00,163,"DS",53,"2",0
"456","KOUG_5_25_16",2019-07-19,200,2019,08:30:00,188,"DS",54,"2",0
"457","KOUG_5_25_18",2019-07-19,200,2019,08:55:00,213,"DS",54,"2",0
"458","TELL_3_4_18",2019-07-23,204,2019,04:47:00,-48,"DS",50,"2",2
"459","TELL_3_4_14",2019-07-23,204,2019,05:15:00,-20,"DS",50,"2",1
"460","TELL_3_4_10",2019-07-23,204,2019,05:46:00,11,"DS",51,"2",0
"461","TELL_3_4_7",2019-07-23,204,2019,06:20:00,45,"DS",51,"2",0
"462","TELL_3_4_11",2019-07-23,204,2019,06:48:00,73,"DS",51,"2",0
"463","TELL_3_4_15",2019-07-23,204,2019,07:18:00,103,"DS",51,"1",1
"464","TELL_3_4_20",2019-07-23,204,2019,07:54:00,139,"DS",51,"2",0
"465","TELL_3_4_24",2019-07-23,204,2019,08:17:00,162,"DS",52,"2",0
"466","TELL_3_4_19",2019-07-23,204,2019,08:42:00,187,"DS",52,"2",1
"467","TELL_3_4_23",2019-07-23,204,2019,09:07:00,212,"DS",51,"2",0
