"","lon","lat","ele","time","name","sym","type","extensions"
"1",-165.292810024694,64.6227389853448,"23.857392999999998","2019-05-11T12:46:59Z","008","Upland Game","user","SymbolAndNameSymbolAndName2019-05-11T12:46:59Z"
"2",-165.239842012525,64.8312809877098,"137.94764699999999","2019-05-13T13:28:02Z","009","Upland Game","user","SymbolAndNameSymbolAndName2019-05-13T13:28:02Z"
"3",-165.241812011227,64.8321620095521,"140.336533","2019-05-13T13:56:20Z","010","Upland Game","user","SymbolAndNameSymbolAndName2019-05-13T13:56:20Z"
"4",-165.250479988754,64.8369329888374,"150.71566799999999","2019-05-13T14:15:54Z","011","Upland Game","user","SymbolAndNameSymbolAndName2019-05-13T14:15:54Z"
"5",-165.252911997959,64.8381669726223,"154.78088399999999","2019-05-13T14:40:07Z","012","Upland Game","user","SymbolAndNameSymbolAndName2019-05-13T14:40:07Z"
"6",-165.259477961808,64.8426869977266,"161.58857699999999","2019-05-13T14:56:34Z","013","Upland Game","user","SymbolAndNameSymbolAndName2019-05-13T14:56:34Z"
"7",-165.25853600353,64.8432449810207,"163.095764","2019-05-13T15:20:19Z","014","Upland Game","user","SymbolAndNameSymbolAndName2019-05-13T15:20:19Z"
"8",-165.255188019946,64.8450979683548,"172.10086100000001","2019-05-13T15:28:50Z","015","Upland Game","user","SymbolAndNameSymbolAndName2019-05-13T15:28:50Z"
"9",-165.24936796166,64.8476569633931,"183.228882","2019-05-13T15:37:21Z","016","Upland Game","user","SymbolAndNameSymbolAndName2019-05-13T15:37:21Z"
"10",-165.244555994868,64.849940026179,"206.02363600000001","2019-05-13T16:10:00Z","017","Upland Game","user","SymbolAndNameSymbolAndName2019-05-13T16:10:00Z"
"11",-165.239358963445,64.8519840370864,"234.68647799999999","2019-05-13T16:19:08Z","018","Upland Game","user","SymbolAndNameSymbolAndName2019-05-13T16:19:08Z"
"12",-165.237433975562,64.8527010250837,"246.470215","2019-05-13T16:21:56Z","019","Upland Game","user","SymbolAndNameSymbolAndName2019-05-13T16:21:56Z"
"13",-165.235616024584,64.8534849844873,"260.39282200000002","2019-05-13T16:44:52Z","020","Upland Game","user","SymbolAndNameSymbolAndName2019-05-13T16:44:52Z"
"14",-165.227097999305,64.8568519949913,"335.85815400000001","2019-05-13T17:02:12Z","021","Upland Game","user","SymbolAndNameSymbolAndName2019-05-13T17:02:12Z"
"15",-165.225507030264,64.8577800393105,"337.35998499999999","2019-05-13T17:06:40Z","022","Upland Game","user","SymbolAndNameSymbolAndName2019-05-13T17:06:40Z"
"16",-165.223615989089,64.8566840216517,"376.703033","2019-05-13T17:33:47Z","023","Upland Game","user","SymbolAndNameSymbolAndName2019-05-13T17:33:47Z"
"17",-165.214873999357,64.852213030681,"392.28832999999997","2019-05-13T17:49:27Z","024","Upland Game","user","SymbolAndNameSymbolAndName2019-05-13T17:49:27Z"
"18",-165.217127976939,64.8511989880353,"371.89361600000001","2019-05-13T18:10:07Z","025","Upland Game","user","SymbolAndNameSymbolAndName2019-05-13T18:10:07Z"
"19",-165.220058038831,64.8500120267272,"345.48245200000002","2019-05-13T18:16:00Z","026","Upland Game","user","SymbolAndNameSymbolAndName2019-05-13T18:16:00Z"
"20",-165.22192100063,64.8491900134832,"323.903839","2019-05-13T18:22:31Z","027","Upland Game","user","SymbolAndNameSymbolAndName2019-05-13T18:22:31Z"
"21",-165.224075987935,64.8483469616622,"297.12582400000002","2019-05-13T18:25:18Z","028","Upland Game","user","SymbolAndNameSymbolAndName2019-05-13T18:25:18Z"
"22",-165.226742019877,64.8471180070192,"253.223038","2019-05-13T18:29:10Z","029","Upland Game","user","SymbolAndNameSymbolAndName2019-05-13T18:29:10Z"
"23",-165.229693036526,64.8459939938039,"212.43353300000001","2019-05-13T18:51:27Z","030","Upland Game","user","SymbolAndNameSymbolAndName2019-05-13T18:51:27Z"
"24",-165.23126296699,64.8450480122119,"222.301041","2019-05-13T19:10:18Z","031","Upland Game","user","SymbolAndNameSymbolAndName2019-05-13T19:10:18Z"
"25",-165.235962029546,64.8431650176644,"268.07241800000003","2019-05-13T19:19:54Z","032","Upland Game","user","SymbolAndNameSymbolAndName2019-05-13T19:19:54Z"
"26",-165.23805398494,64.8420369811356,"253.441971","2019-05-13T19:24:40Z","033","Upland Game","user","SymbolAndNameSymbolAndName2019-05-13T19:24:40Z"
"27",-165.783137027174,64.6996970102191,"225.69103999999999","2019-05-14T13:36:28Z","034","Upland Game","user","SymbolAndNameSymbolAndName2019-05-14T13:36:28Z"
"28",-165.783311035484,64.6995799988508,"224.067261","2019-05-14T13:58:36Z","035","Upland Game","user","SymbolAndNameSymbolAndName2019-05-14T13:58:36Z"
"29",-165.786140011624,64.6981659717858,"222.564819","2019-05-14T14:03:37Z","036","Upland Game","user","SymbolAndNameSymbolAndName2019-05-14T14:03:37Z"
"30",-165.792143968865,64.695772016421,"206.53598","2019-05-14T14:16:49Z","037","Upland Game","user","SymbolAndNameSymbolAndName2019-05-14T14:16:49Z"
"31",-165.793484989554,64.6952230017632,"202.48374899999999","2019-05-14T14:19:27Z","038","Upland Game","user","SymbolAndNameSymbolAndName2019-05-14T14:19:27Z"
"32",-165.79492399469,64.6946210134774,"196.16815199999999","2019-05-14T14:22:59Z","039","Upland Game","user","SymbolAndNameSymbolAndName2019-05-14T14:22:59Z"
"33",-165.795877017081,64.6942989807576,"191.54191599999999","2019-05-14T14:44:52Z","040","Upland Game","user","SymbolAndNameSymbolAndName2019-05-14T14:44:52Z"
"34",-165.800793003291,64.6927569620311,"176.795288","2019-05-14T14:54:27Z","041","Upland Game","user","SymbolAndNameSymbolAndName2019-05-14T14:54:27Z"
"35",-165.801890026778,64.6923449914902,"172.83580000000001","2019-05-14T14:58:10Z","042","Upland Game","user","SymbolAndNameSymbolAndName2019-05-14T14:58:10Z"
"36",-165.805399026722,64.6910339780152,"165.86409","2019-05-14T15:06:37Z","043","Upland Game","user","SymbolAndNameSymbolAndName2019-05-14T15:06:37Z"
"37",-165.80650200136,64.6894770395011,"153.49937399999999","2019-05-14T15:12:24Z","044","Upland Game","user","SymbolAndNameSymbolAndName2019-05-14T15:12:24Z"
"38",-165.806480040774,64.6894799731672,"153.59229999999999","2019-05-14T15:16:14Z","045","Upland Game","user","SymbolAndNameSymbolAndName2019-05-14T15:16:14Z"
"39",-165.807665996253,64.6901520341635,"163.74794","2019-05-14T15:35:47Z","046","Upland Game","user","SymbolAndNameSymbolAndName2019-05-14T15:35:47Z"
"40",-165.809428961948,64.6910850238055,"174.11137400000001","2019-05-14T15:39:40Z","047","Upland Game","user","SymbolAndNameSymbolAndName2019-05-14T15:39:40Z"
"41",-165.811142977327,64.692153967917,"187.26068100000001","2019-05-14T15:48:57Z","048","Upland Game","user","SymbolAndNameSymbolAndName2019-05-14T15:48:57Z"
"42",-165.817344998941,64.6951169706881,"193.978149","2019-05-14T15:58:41Z","049","Upland Game","user","SymbolAndNameSymbolAndName2019-05-14T15:58:41Z"
"43",-165.827978029847,64.700775006786,"177.03987100000001","2019-05-14T16:42:52Z","050","Upland Game","user","SymbolAndNameSymbolAndName2019-05-14T16:42:52Z"
"44",-165.833632964641,64.7039029654115,"144.59266700000001","2019-05-14T17:13:11Z","051","Upland Game","user","SymbolAndNameSymbolAndName2019-05-14T17:13:11Z"
"45",-165.838647019118,64.7064109984785,"120.22099300000001","2019-05-14T17:19:01Z","052","Upland Game","user","SymbolAndNameSymbolAndName2019-05-14T17:19:01Z"
"46",-165.849287007004,64.7119660209864,"128.82214400000001","2019-05-14T17:55:09Z","053","Upland Game","user","SymbolAndNameSymbolAndName2019-05-14T17:55:09Z"
"47",-165.846575964242,64.7132740169764,"139.01487700000001","2019-05-14T18:14:37Z","054","Upland Game","user","SymbolAndNameSymbolAndName2019-05-14T18:14:37Z"
"48",-165.837543038651,64.7171260043979,"171.41914399999999","2019-05-14T18:29:15Z","055","Upland Game","user","SymbolAndNameSymbolAndName2019-05-14T18:29:15Z"
"49",-165.825725980103,64.7221999894828,"218.46031199999999","2019-05-14T19:16:49Z","056","Upland Game","user","SymbolAndNameSymbolAndName2019-05-14T19:16:49Z"
"50",-165.820131981745,64.7193499747664,"194.34030200000001","2019-05-14T19:38:05Z","057","Upland Game","user","SymbolAndNameSymbolAndName2019-05-14T19:38:05Z"
"51",-165.815051039681,64.716611020267,"142.055893","2019-05-14T19:44:30Z","058","Upland Game","user","SymbolAndNameSymbolAndName2019-05-14T19:44:30Z"
"52",-164.377042008564,64.6297269780189,"6.631904","2019-05-15T13:38:24Z","059","Upland Game","user","SymbolAndNameSymbolAndName2019-05-15T13:38:24Z"
"53",-164.378678994253,64.6305929962546,"17.970264","2019-05-15T14:03:01Z","060","Upland Game","user","SymbolAndNameSymbolAndName2019-05-15T14:03:01Z"
"54",-164.386893007904,64.6349710319191,"42.307602000000003","2019-05-15T14:13:58Z","061","Upland Game","user","SymbolAndNameSymbolAndName2019-05-15T14:13:58Z"
"55",-164.395389994606,64.639608990401,"39.867629999999998","2019-05-15T14:45:56Z","062","Upland Game","user","SymbolAndNameSymbolAndName2019-05-15T14:45:56Z"
"56",-164.39737197943,64.6407090313733,"45.709999000000003","2019-05-15T14:50:51Z","063","Upland Game","user","SymbolAndNameSymbolAndName2019-05-15T14:50:51Z"
"57",-164.401317005977,64.6431909967214,"55.262492999999999","2019-05-15T15:18:15Z","064","Upland Game","user","SymbolAndNameSymbolAndName2019-05-15T15:18:15Z"
"58",-164.407881963998,64.646379975602,"42.621048000000002","2019-05-15T15:34:49Z","065","Upland Game","user","SymbolAndNameSymbolAndName2019-05-15T15:34:49Z"
"59",-164.399141985923,64.6498080063611,"77.025024000000002","2019-05-15T16:08:02Z","066","Upland Game","user","SymbolAndNameSymbolAndName2019-05-15T16:08:02Z"
"60",-164.395950995386,64.651375003159,"91.609367000000006","2019-05-15T16:18:20Z","067","Upland Game","user","SymbolAndNameSymbolAndName2019-05-15T16:18:20Z"
"61",-164.38401600346,64.6564219985157,"87.771773999999994","2019-05-15T17:00:19Z","068","Upland Game","user","SymbolAndNameSymbolAndName2019-05-15T17:00:19Z"
"62",-164.373509958386,64.6507340390235,"41.948188999999999","2019-05-15T17:54:02Z","069","Upland Game","user","SymbolAndNameSymbolAndName2019-05-15T17:54:02Z"
"63",-164.38548501581,64.6456929948181,"79.870841999999996","2019-05-15T18:31:42Z","070","Upland Game","user","SymbolAndNameSymbolAndName2019-05-15T18:31:42Z"
"64",-164.374956004322,64.6400180272758,"54.037497999999999","2019-05-15T19:01:47Z","071","Upland Game","user","SymbolAndNameSymbolAndName2019-05-15T19:01:47Z"
"65",-165.257391035557,64.8748050257564,"198.01254299999999","2019-05-17T13:03:00Z","072","Upland Game","user","SymbolAndNameSymbolAndName2019-05-17T13:03:00Z"
"66",-165.2680330351,64.8805209808052,"259.33065800000003","2019-05-17T13:35:21Z","073","Upland Game","user","SymbolAndNameSymbolAndName2019-05-17T13:35:21Z"
"67",-165.278666988015,64.8861119616777,"466.08166499999999","2019-05-17T14:24:08Z","074","Upland Game","user","SymbolAndNameSymbolAndName2019-05-17T14:24:08Z"
"68",-165.274557005614,64.8885159753263,"463.15292399999998","2019-05-17T14:50:12Z","075","Upland Game","user","SymbolAndNameSymbolAndName2019-05-17T14:50:12Z"
"69",-165.266587994993,64.891224000603,"310.92343099999999","2019-05-17T15:04:33Z","076","Upland Game","user","SymbolAndNameSymbolAndName2019-05-17T15:04:33Z"
"70",-165.275238035247,64.8951220046729,"369.97903400000001","2019-05-17T15:41:51Z","077","Upland Game","user","SymbolAndNameSymbolAndName2019-05-17T15:41:51Z"
"71",-165.277588991448,64.8968950286508,"379.20144699999997","2019-05-17T15:48:28Z","078","Upland Game","user","SymbolAndNameSymbolAndName2019-05-17T15:48:28Z"
"72",-165.265576969832,64.9019079934806,"361.10745200000002","2019-05-17T16:19:45Z","079","Upland Game","user","SymbolAndNameSymbolAndName2019-05-17T16:19:45Z"
"73",-165.254746964201,64.8963490314782,"412.61752300000001","2019-05-17T17:05:24Z","080","Upland Game","user","SymbolAndNameSymbolAndName2019-05-17T17:05:24Z"
"74",-165.24309201166,64.9013749882579,"425.319458","2019-05-17T17:45:17Z","081","Upland Game","user","SymbolAndNameSymbolAndName2019-05-17T17:45:17Z"
"75",-165.231279982254,64.906484009698,"431.68032799999997","2019-05-17T18:24:16Z","082","Upland Game","user","SymbolAndNameSymbolAndName2019-05-17T18:24:16Z"
"76",-165.221569966525,64.9020580295473,"338.35318000000001","2019-05-17T18:50:50Z","083","Upland Game","user","SymbolAndNameSymbolAndName2019-05-17T18:50:50Z"
"77",-165.220649968833,64.9008180107921,"326.83856200000002","2019-05-17T18:53:39Z","084","Upland Game","user","SymbolAndNameSymbolAndName2019-05-17T18:53:39Z"
"78",-165.225073015317,64.8986129835248,"317.96765099999999","2019-05-17T19:15:45Z","085","Upland Game","user","SymbolAndNameSymbolAndName2019-05-17T19:15:45Z"
"79",-165.232426961884,64.8956460412592,"298.40896600000002","2019-05-17T19:24:11Z","086","Upland Game","user","SymbolAndNameSymbolAndName2019-05-17T19:24:11Z"
"80",-165.244295988232,64.8906149715185,"265.42141700000002","2019-05-17T19:50:08Z","087","Upland Game","user","SymbolAndNameSymbolAndName2019-05-17T19:50:08Z"
"81",-165.346107026562,64.4905189890414,"-3.485024","2019-05-18T13:55:14Z","088","Upland Game","user","SymbolAndNameSymbolAndName2019-05-18T13:55:14Z"
"82",-165.334398010746,64.4956700038165,"13.311247","2019-05-18T14:39:52Z","089","Upland Game","user","SymbolAndNameSymbolAndName2019-05-18T14:39:52Z"
"83",-165.322491014376,64.5006060227752,"30.761348999999999","2019-05-18T15:17:57Z","090","Upland Game","user","SymbolAndNameSymbolAndName2019-05-18T15:17:57Z"
"84",-165.333117004484,64.5062540005893,"30.149189","2019-05-18T15:57:48Z","091","Upland Game","user","SymbolAndNameSymbolAndName2019-05-18T15:57:48Z"
"85",-165.343579966575,64.5118759945035,"33.059288000000002","2019-05-18T16:30:13Z","092","Upland Game","user","SymbolAndNameSymbolAndName2019-05-18T16:30:13Z"
"86",-165.355414040387,64.5068460144103,"37.085655000000003","2019-05-18T17:05:49Z","093","Upland Game","user","SymbolAndNameSymbolAndName2019-05-18T17:05:49Z"
"87",-165.367162032053,64.5018069818616,"32.126690000000004","2019-05-18T17:36:59Z","094","Upland Game","user","SymbolAndNameSymbolAndName2019-05-18T17:36:59Z"
"88",-164.431666033342,64.6364200115204,"117.68808","2019-05-19T13:37:29Z","095","Upland Game","user","SymbolAndNameSymbolAndName2019-05-19T13:37:29Z"
"89",-164.435393968597,64.6385070215911,"119.062325","2019-05-19T14:00:59Z","096","Upland Game","user","SymbolAndNameSymbolAndName2019-05-19T14:00:59Z"
"90",-164.437282998115,64.6393670048565,"112.80410000000001","2019-05-19T14:05:39Z","097","Upland Game","user","SymbolAndNameSymbolAndName2019-05-19T14:05:39Z"
"91",-164.442261010408,64.6420519798994,"97.085380999999998","2019-05-19T14:16:13Z","098","Upland Game","user","SymbolAndNameSymbolAndName2019-05-19T14:16:13Z"
"92",-164.443068020046,64.6416720282286,"99.149276999999998","2019-05-19T14:37:21Z","099","Upland Game","user","SymbolAndNameSymbolAndName2019-05-19T14:37:21Z"
"93",-165.307975988835,64.6288110036403,"54.655804000000003","2019-05-11T13:17:41Z","1","Upland Game","user","SymbolAndNameSymbolAndName2019-05-11T13:17:41Z"
"94",-165.260844966397,64.6490679681301,"170.96404999999999","2019-05-11T18:02:00Z","10","Upland Game","user","SymbolAndNameSymbolAndName2019-05-11T18:02:00Z"
"95",-164.455960979685,64.6370510011911,"82.375998999999993","2019-05-19T15:12:20Z","100","Upland Game","user","SymbolAndNameSymbolAndName2019-05-19T15:12:20Z"
"96",-164.464557040483,64.6427500247955,"100.60585","2019-05-19T15:52:00Z","101","Upland Game","user","SymbolAndNameSymbolAndName2019-05-19T15:52:00Z"
"97",-164.476364040747,64.6376799792051,"155.086456","2019-05-19T16:24:41Z","102","Upland Game","user","SymbolAndNameSymbolAndName2019-05-19T16:24:41Z"
"98",-164.483972964808,64.6348629891872,"154.964935","2019-05-19T16:49:59Z","103","Upland Game","user","SymbolAndNameSymbolAndName2019-05-19T16:49:59Z"
"99",-164.487647004426,64.6332089882344,"134.771255","2019-05-19T16:57:02Z","104","Upland Game","user","SymbolAndNameSymbolAndName2019-05-19T16:57:02Z"
"100",-164.48826299049,64.6327149588615,"126.269661","2019-05-19T16:59:29Z","105","Upland Game","user","SymbolAndNameSymbolAndName2019-05-19T16:59:29Z"
"101",-164.477900024503,64.6270910371095,"74.062004000000002","2019-05-19T17:34:29Z","106","Upland Game","user","SymbolAndNameSymbolAndName2019-05-19T17:34:29Z"
"102",-164.46592496708,64.6320539619774,"97.133185999999995","2019-05-19T18:14:20Z","107","Upland Game","user","SymbolAndNameSymbolAndName2019-05-19T18:14:20Z"
"103",-164.443340012804,64.6313839964569,"78.368979999999993","2019-05-19T19:03:28Z","108","Upland Game","user","SymbolAndNameSymbolAndName2019-05-19T19:03:28Z"
"104",-165.559951001778,64.5816369820386,"223.583054","2019-05-20T13:27:54Z","109","Upland Game","user","SymbolAndNameSymbolAndName2019-05-20T13:27:54Z"
"105",-165.281523959711,64.649360999465,"27.91507","2019-05-11T16:39:53Z","11","Upland Game","user","SymbolAndNameSymbolAndName2019-05-11T16:39:53Z"
"106",-165.548163028434,64.5867190137506,"266.45953400000002","2019-05-20T14:10:23Z","110","Upland Game","user","SymbolAndNameSymbolAndName2019-05-20T14:10:23Z"
"107",-165.536431968212,64.5917889755219,"269.44348100000002","2019-05-20T14:48:38Z","111","Upland Game","user","SymbolAndNameSymbolAndName2019-05-20T14:48:38Z"
"108",-165.548335025087,64.5968389883637,"320.288025","2019-05-20T15:37:39Z","112","Upland Game","user","SymbolAndNameSymbolAndName2019-05-20T15:37:39Z"
"109",-165.557867009193,64.6030430216342,"388.09262100000001","2019-05-20T16:13:42Z","113","Upland Game","user","SymbolAndNameSymbolAndName2019-05-20T16:13:42Z"
"110",-165.567810963839,64.598147990182,"317.52749599999999","2019-05-20T16:46:21Z","114","Upland Game","user","SymbolAndNameSymbolAndName2019-05-20T16:46:21Z"
"111",-165.581104997545,64.5929119829088,"159.847702","2019-05-20T17:14:14Z","115","Upland Game","user","SymbolAndNameSymbolAndName2019-05-20T17:14:14Z"
"112",-165.593965016305,64.5878469664603,"105.216446","2019-05-20T18:04:13Z","116","Upland Game","user","SymbolAndNameSymbolAndName2019-05-20T18:04:13Z"
"113",-165.596114974469,64.586937027052,"119.31347700000001","2019-05-20T18:27:32Z","117","Upland Game","user","SymbolAndNameSymbolAndName2019-05-20T18:27:32Z"
"114",-165.604654038325,64.5828400366008,"185.26568599999999","2019-05-20T18:42:28Z","118","Upland Game","user","SymbolAndNameSymbolAndName2019-05-20T18:42:28Z"
"115",-165.61422499828,64.5786950178444,"164.41480999999999","2019-05-20T19:14:57Z","119","Upland Game","user","SymbolAndNameSymbolAndName2019-05-20T19:14:57Z"
"116",-165.30560801737,64.6502809971571,"62.723334999999999","2019-05-11T15:06:29Z","12","Upland Game","user","SymbolAndNameSymbolAndName2019-05-11T15:06:29Z"
"117",-165.616440000013,64.5776959788054,"147.947372","2019-05-20T19:18:00Z","120","Upland Game","user","SymbolAndNameSymbolAndName2019-05-20T19:18:00Z"
"118",-164.449283033609,64.5885969791561,"42.734172999999998","2019-05-21T13:32:51Z","121","Upland Game","user","SymbolAndNameSymbolAndName2019-05-21T13:32:51Z"
"119",-164.449945958331,64.5890040043741,"42.222194999999999","2019-05-21T13:53:14Z","122","Upland Game","user","SymbolAndNameSymbolAndName2019-05-21T13:53:14Z"
"120",-164.459753958508,64.5943280216306,"40.153773999999999","2019-05-21T14:08:21Z","123","Upland Game","user","SymbolAndNameSymbolAndName2019-05-21T14:08:21Z"
"121",-164.471602030098,64.5892699621618,"39.004299000000003","2019-05-21T14:41:20Z","124","Upland Game","user","SymbolAndNameSymbolAndName2019-05-21T14:41:20Z"
"122",-164.477630965412,64.5868910104036,"45.325966000000001","2019-05-21T15:18:54Z","125","Upland Game","user","SymbolAndNameSymbolAndName2019-05-21T15:18:54Z"
"123",-164.483399977908,64.5842760242522,"50.508003000000002","2019-05-21T15:28:47Z","126","Upland Game","user","SymbolAndNameSymbolAndName2019-05-21T15:28:47Z"
"124",-164.460998000577,64.5836290251464,"14.665476","2019-05-21T16:04:10Z","127","Upland Game","user","SymbolAndNameSymbolAndName2019-05-21T16:04:10Z"
"125",-166.021689008921,64.8016460146755,"186.140503","2019-05-22T13:05:33Z","128","Upland Game","user","SymbolAndNameSymbolAndName2019-05-22T13:05:33Z"
"126",-166.008491031826,64.8069370072335,"242.860657","2019-05-22T13:43:50Z","129","Upland Game","user","SymbolAndNameSymbolAndName2019-05-22T13:43:50Z"
"127",-166.000920999795,64.8100300133228,"287.81143200000002","2019-05-22T14:11:41Z","130","Upland Game","user","SymbolAndNameSymbolAndName2019-05-22T14:11:41Z"
"128",-165.996740022674,64.8120610322803,"317.718658","2019-05-22T14:19:35Z","131","Upland Game","user","SymbolAndNameSymbolAndName2019-05-22T14:19:35Z"
"129",-165.984988007694,64.817182039842,"325.86853000000002","2019-05-22T14:54:32Z","132","Upland Game","user","SymbolAndNameSymbolAndName2019-05-22T14:54:32Z"
"130",-165.973218977451,64.8222950007766,"268.81091300000003","2019-05-22T15:21:21Z","133","Upland Game","user","SymbolAndNameSymbolAndName2019-05-22T15:21:21Z"
"131",-165.983940018341,64.8279070202261,"214.66317699999999","2019-05-22T15:52:01Z","134","Upland Game","user","SymbolAndNameSymbolAndName2019-05-22T15:52:01Z"
"132",-165.9956989903,64.8227929696441,"272.41342200000003","2019-05-22T16:22:01Z","135","Upland Game","user","SymbolAndNameSymbolAndName2019-05-22T16:22:01Z"
"133",-166.006393963471,64.8283820226789,"216.756989","2019-05-22T16:52:38Z","136","Upland Game","user","SymbolAndNameSymbolAndName2019-05-22T16:52:38Z"
"134",-166.018252009526,64.8233030084521,"270.21105999999997","2019-05-22T17:27:06Z","137","Upland Game","user","SymbolAndNameSymbolAndName2019-05-22T17:27:06Z"
"135",-166.007490986958,64.8176820203662,"347.54080199999999","2019-05-22T18:04:50Z","138","Upland Game","user","SymbolAndNameSymbolAndName2019-05-22T18:04:50Z"
"136",-166.013444988057,64.8151889909059,"330.09637500000002","2019-05-22T18:37:13Z","139","Upland Game","user","SymbolAndNameSymbolAndName2019-05-22T18:37:13Z"
"137",-166.019208971411,64.8125539720058,"294.44320699999997","2019-05-22T18:50:54Z","140","Upland Game","user","SymbolAndNameSymbolAndName2019-05-22T18:50:54Z"
"138",-164.257155982777,64.6793159935623,"244.021805","2019-05-23T13:52:37Z","141","Upland Game","user","SymbolAndNameSymbolAndName2019-05-23T13:52:37Z"
"139",-164.251293009147,64.6763939782977,"217.536011","2019-05-23T14:16:52Z","142","Upland Game","user","SymbolAndNameSymbolAndName2019-05-23T14:16:52Z"
"140",-164.24676200375,64.6736179757863,"200.96122700000001","2019-05-23T14:25:48Z","143","Upland Game","user","SymbolAndNameSymbolAndName2019-05-23T14:25:48Z"
"141",-164.922639029101,64.9358930066228,"245.38088999999999","2019-05-24T13:01:30Z","144","Upland Game","user","SymbolAndNameSymbolAndName2019-05-24T13:01:30Z"
"142",-164.918726021424,64.9372399784625,"281.92715500000003","2019-05-24T13:27:32Z","145","Upland Game","user","SymbolAndNameSymbolAndName2019-05-24T13:27:32Z"
"143",-164.917232031003,64.9377940222621,"296.22827100000001","2019-05-24T13:30:47Z","146","Upland Game","user","SymbolAndNameSymbolAndName2019-05-24T13:30:47Z"
"144",-164.910859018564,64.9408379942179,"334.47442599999999","2019-05-24T13:39:37Z","147","Upland Game","user","SymbolAndNameSymbolAndName2019-05-24T13:39:37Z"
"145",-164.899083031341,64.9458780325949,"202.75393700000001","2019-05-24T14:09:50Z","148","Upland Game","user","SymbolAndNameSymbolAndName2019-05-24T14:09:50Z"
"146",-164.898814978078,64.9459269829094,"200.03744499999999","2019-05-24T14:11:42Z","149","Upland Game","user","SymbolAndNameSymbolAndName2019-05-24T14:11:42Z"
"147",-165.27142200619,64.6547389961779,"84.382285999999993","2019-05-11T18:44:23Z","15","Upland Game","user","SymbolAndNameSymbolAndName2019-05-11T18:44:23Z"
"148",-164.909535013139,64.9515779782087,"222.68713399999999","2019-05-24T14:42:15Z","150","Upland Game","user","SymbolAndNameSymbolAndName2019-05-24T14:42:15Z"
"149",-164.449200974777,64.5886010024697,"56.183619999999998","2019-05-25T13:20:26Z","151","Upland Game","user","SymbolAndNameSymbolAndName2019-05-25T13:20:26Z"
"150",-164.452165989205,64.5903229806572,"49.201134000000003","2019-05-25T13:42:10Z","152","Upland Game","user","SymbolAndNameSymbolAndName2019-05-25T13:42:10Z"
"151",-164.459667038172,64.5942980144173,"49.437308999999999","2019-05-25T13:52:48Z","153","Upland Game","user","SymbolAndNameSymbolAndName2019-05-25T13:52:48Z"
"152",-164.465979030356,64.5918820146471,"43.810200000000002","2019-05-25T14:19:09Z","154","Upland Game","user","SymbolAndNameSymbolAndName2019-05-25T14:19:09Z"
"153",-164.47020996362,64.590266989544,"42.549416000000001","2019-05-25T14:26:29Z","155","Upland Game","user","SymbolAndNameSymbolAndName2019-05-25T14:26:29Z"
"154",-164.471560958773,64.589288989082,"42.992019999999997","2019-05-25T14:29:43Z","156","Upland Game","user","SymbolAndNameSymbolAndName2019-05-25T14:29:43Z"
"155",-164.483431996778,64.5842880103737,"54.812817000000003","2019-05-25T15:00:06Z","157","Upland Game","user","SymbolAndNameSymbolAndName2019-05-25T15:00:06Z"
"156",-164.486046982929,64.5820920355618,"49.270820999999998","2019-05-25T15:21:55Z","158","Upland Game","user","SymbolAndNameSymbolAndName2019-05-25T15:21:55Z"
"157",-164.486852986738,64.5814150292426,"48.155735","2019-05-25T15:25:13Z","159","Upland Game","user","SymbolAndNameSymbolAndName2019-05-25T15:25:13Z"
"158",-164.490848975256,64.5798740163445,"50.614421999999998","2019-05-25T15:33:54Z","160","Upland Game","user","SymbolAndNameSymbolAndName2019-05-25T15:33:54Z"
"159",-164.495295993984,64.5793389994651,"46.002257999999998","2019-05-25T15:41:55Z","161","Upland Game","user","SymbolAndNameSymbolAndName2019-05-25T15:41:55Z"
"160",-164.499158039689,64.5777430012822,"45.951205999999999","2019-05-25T16:00:44Z","162","Upland Game","user","SymbolAndNameSymbolAndName2019-05-25T16:00:44Z"
"161",-164.507206007838,64.5742719713598,"47.050476000000003","2019-05-25T16:13:44Z","163","Upland Game","user","SymbolAndNameSymbolAndName2019-05-25T16:13:44Z"
"162",-164.496565014124,64.5686239935458,"32.030166999999999","2019-05-25T16:47:59Z","164","Upland Game","user","SymbolAndNameSymbolAndName2019-05-25T16:47:59Z"
"163",-164.485578015447,64.5731259975582,"28.349186","2019-05-25T17:19:05Z","165","Upland Game","user","SymbolAndNameSymbolAndName2019-05-25T17:19:05Z"
"164",-164.484795983881,64.5735669694841,"28.952667000000002","2019-05-25T17:22:49Z","166","Upland Game","user","SymbolAndNameSymbolAndName2019-05-25T17:22:49Z"
"165",-164.472929975018,64.5786029845476,"47.272888000000002","2019-05-25T17:56:32Z","167","Upland Game","user","SymbolAndNameSymbolAndName2019-05-25T17:56:32Z"
"166",-164.876396991313,64.9455679859966,"229.819931","2019-05-27T12:54:49Z","168","Upland Game","user","SymbolAndNameSymbolAndName2019-05-27T12:54:49Z"
"167",-164.887154996395,64.9509700387716,"221.97923299999999","2019-05-27T13:39:16Z","169","Upland Game","user","SymbolAndNameSymbolAndName2019-05-27T13:39:16Z"
"168",-164.897605972365,64.9566510412842,"220.84059099999999","2019-05-27T14:15:03Z","170","Upland Game","user","SymbolAndNameSymbolAndName2019-05-27T14:15:03Z"
"169",-164.902397990227,64.9591470044106,"228.38055399999999","2019-05-27T14:40:29Z","171","Upland Game","user","SymbolAndNameSymbolAndName2019-05-27T14:40:29Z"
"170",-164.904194986448,64.9600830115378,"232.967209","2019-05-27T14:44:52Z","172","Upland Game","user","SymbolAndNameSymbolAndName2019-05-27T14:44:52Z"
"171",-164.905383959413,64.9608020111918,"235.414917","2019-05-27T14:49:01Z","173","Upland Game","user","SymbolAndNameSymbolAndName2019-05-27T14:49:01Z"
"172",-164.908216036856,64.9623359832913,"240.47976700000001","2019-05-27T14:53:54Z","174","Upland Game","user","SymbolAndNameSymbolAndName2019-05-27T14:53:54Z"
"173",-164.897103980184,64.9669160228223,"407.97573899999998","2019-05-27T15:39:01Z","175","Upland Game","user","SymbolAndNameSymbolAndName2019-05-27T15:39:01Z"
"174",-164.896239973605,64.9673890136182,"419.83331299999998","2019-05-27T15:41:33Z","176","Upland Game","user","SymbolAndNameSymbolAndName2019-05-27T15:41:33Z"
"175",-164.884320991114,64.9724500067532,"456.27813700000002","2019-05-27T16:12:17Z","177","Upland Game","user","SymbolAndNameSymbolAndName2019-05-27T16:12:17Z"
"176",-164.879008959979,64.9696360342205,"462.09722900000003","2019-05-27T16:40:21Z","178","Upland Game","user","SymbolAndNameSymbolAndName2019-05-27T16:40:21Z"
"177",-164.874935019761,64.967502001673,"477.29699699999998","2019-05-27T16:54:59Z","179","Upland Game","user","SymbolAndNameSymbolAndName2019-05-27T16:54:59Z"
"178",-164.873511018232,64.9668329581618,"459.593842","2019-05-27T17:00:07Z","180","Upland Game","user","SymbolAndNameSymbolAndName2019-05-27T17:00:07Z"
"179",-164.871461978182,64.9653630238026,"445.053833","2019-05-27T17:21:23Z","181","Upland Game","user","SymbolAndNameSymbolAndName2019-05-27T17:21:23Z"
"180",-164.869225015864,64.9641820136458,"442.024475","2019-05-27T17:27:59Z","182","Upland Game","user","SymbolAndNameSymbolAndName2019-05-27T17:27:59Z"
"181",-164.863114021719,64.961064029485,"412.24169899999998","2019-05-27T17:35:28Z","183","Upland Game","user","SymbolAndNameSymbolAndName2019-05-27T17:35:28Z"
"182",-164.875142974779,64.9559840094298,"352.77664199999998","2019-05-27T18:12:36Z","184","Upland Game","user","SymbolAndNameSymbolAndName2019-05-27T18:12:36Z"
"183",-164.86449896358,64.9502930324525,"349.29751599999997","2019-05-27T18:40:24Z","185","Upland Game","user","SymbolAndNameSymbolAndName2019-05-27T18:40:24Z"
"184",-166.003013039008,64.7476969845593,"278.98172","2019-05-28T13:18:42Z","186","Upland Game","user","SymbolAndNameSymbolAndName2019-05-28T13:18:42Z"
"185",-166.025503026322,64.7482180036604,"263.96307400000001","2019-05-28T13:54:58Z","187","Upland Game","user","SymbolAndNameSymbolAndName2019-05-28T13:54:58Z"
"186",-166.014772010967,64.7426260169595,"242.74848900000001","2019-05-28T14:28:34Z","188","Upland Game","user","SymbolAndNameSymbolAndName2019-05-28T14:28:34Z"
"187",-166.019470989704,64.7405850235373,"226.48483300000001","2019-05-28T14:49:36Z","189","Upland Game","user","SymbolAndNameSymbolAndName2019-05-28T14:49:36Z"
"188",-166.025314014405,64.738017981872,"208.20579499999999","2019-05-28T15:02:35Z","190","Upland Game","user","SymbolAndNameSymbolAndName2019-05-28T15:02:35Z"
"189",-166.018617963418,64.7373729944229,"207.03581199999999","2019-05-28T15:26:05Z","191","Upland Game","user","SymbolAndNameSymbolAndName2019-05-28T15:26:05Z"
"190",-166.007813019678,64.7368979919702,"209.02397199999999","2019-05-28T15:41:17Z","192","Upland Game","user","SymbolAndNameSymbolAndName2019-05-28T15:41:17Z"
"191",-166.004162030295,64.7369929589331,"216.91334499999999","2019-05-28T15:45:33Z","193","Upland Game","user","SymbolAndNameSymbolAndName2019-05-28T15:45:33Z"
"192",-166.015869034454,64.7318970132619,"179.36273199999999","2019-05-28T16:14:44Z","194","Upland Game","user","SymbolAndNameSymbolAndName2019-05-28T16:14:44Z"
"193",-166.005146987736,64.7262780368328,"154.91989100000001","2019-05-28T16:43:34Z","195","Upland Game","user","SymbolAndNameSymbolAndName2019-05-28T16:43:34Z"
"194",-165.993455993012,64.7313909977674,"195.89118999999999","2019-05-28T17:15:17Z","196","Upland Game","user","SymbolAndNameSymbolAndName2019-05-28T17:15:17Z"
"195",-165.992403980345,64.7421110328287,"249.36199999999999","2019-05-28T18:09:11Z","197","Upland Game","user","SymbolAndNameSymbolAndName2019-05-28T18:09:11Z"
"196",-166.184844011441,64.966925997287,"119.930138","2019-05-29T13:02:00Z","198","Upland Game","user","SymbolAndNameSymbolAndName2019-05-29T13:02:00Z"
"197",-166.178694041446,64.9635979626328,"120.05980700000001","2019-05-29T13:30:20Z","199","Upland Game","user","SymbolAndNameSymbolAndName2019-05-29T13:30:20Z"
"198",-166.174876000732,64.9617719650269,"103.66630600000001","2019-05-29T13:39:35Z","200","Upland Game","user","SymbolAndNameSymbolAndName2019-05-29T13:39:35Z"
"199",-166.172252967954,64.9606639612466,"112.259621","2019-05-29T13:58:51Z","201","Upland Game","user","SymbolAndNameSymbolAndName2019-05-29T13:58:51Z"
"200",-166.169191980734,64.9592699669302,"130.62849399999999","2019-05-29T14:03:34Z","202","Upland Game","user","SymbolAndNameSymbolAndName2019-05-29T14:03:34Z"
"201",-166.165607962757,64.9571970384568,"224.928833","2019-05-29T14:14:48Z","203","Upland Game","user","SymbolAndNameSymbolAndName2019-05-29T14:14:48Z"
"202",-166.163574010134,64.9560789763927,"271.82440200000002","2019-05-29T14:21:41Z","204","Upland Game","user","SymbolAndNameSymbolAndName2019-05-29T14:21:41Z"
"203",-166.163056008518,64.9556560255587,"279.07037400000002","2019-05-29T14:23:51Z","205","Upland Game","user","SymbolAndNameSymbolAndName2019-05-29T14:23:51Z"
"204",-166.15859599784,64.9573540315032,"365.95953400000002","2019-05-29T14:56:18Z","206","Upland Game","user","SymbolAndNameSymbolAndName2019-05-29T14:56:18Z"
"205",-166.151258982718,64.9607910308987,"429.77954099999999","2019-05-29T15:13:48Z","207","Upland Game","user","SymbolAndNameSymbolAndName2019-05-29T15:13:48Z"
"206",-166.155214989558,64.9627529829741,"281.54452500000002","2019-05-29T15:47:51Z","208","Upland Game","user","SymbolAndNameSymbolAndName2019-05-29T15:47:51Z"
"207",-166.161711970344,64.9661960173398,"145.749573","2019-05-29T16:04:31Z","209","Upland Game","user","SymbolAndNameSymbolAndName2019-05-29T16:04:31Z"
"208",-166.162355029956,64.9664430320263,"139.919769","2019-05-29T16:05:52Z","210","Upland Game","user","SymbolAndNameSymbolAndName2019-05-29T16:05:52Z"
"209",-166.1573009938,64.9682810157537,"129.00462300000001","2019-05-29T16:34:32Z","211","Upland Game","user","SymbolAndNameSymbolAndName2019-05-29T16:34:32Z"
"210",-166.150510981679,64.9715519696474,"164.675781","2019-05-29T16:45:58Z","212","Upland Game","user","SymbolAndNameSymbolAndName2019-05-29T16:45:58Z"
"211",-166.161280972883,64.9771649949253,"202.13931299999999","2019-05-29T17:19:54Z","213","Upland Game","user","SymbolAndNameSymbolAndName2019-05-29T17:19:54Z"
"212",-166.168652018532,64.9811609834433,"121.220612","2019-05-29T17:56:56Z","214","Upland Game","user","SymbolAndNameSymbolAndName2019-05-29T17:56:56Z"
"213",-166.172025986016,64.9828050099313,"81.321098000000006","2019-05-29T18:01:11Z","215","Upland Game","user","SymbolAndNameSymbolAndName2019-05-29T18:01:11Z"
"214",-166.179056977853,64.979601027444,"81.290160999999998","2019-05-29T18:25:06Z","216","Upland Game","user","SymbolAndNameSymbolAndName2019-05-29T18:25:06Z"
"215",-166.183891994879,64.9776460323483,"68.880165000000005","2019-05-29T18:32:14Z","217","Upland Game","user","SymbolAndNameSymbolAndName2019-05-29T18:32:14Z"
"216",-166.176416007802,64.9743399582803,"89.809601000000001","2019-05-29T18:57:50Z","218","Upland Game","user","SymbolAndNameSymbolAndName2019-05-29T18:57:50Z"
"217",-166.172930980101,64.972430979833,"90.223335000000006","2019-05-29T19:04:05Z","219","Upland Game","user","SymbolAndNameSymbolAndName2019-05-29T19:04:05Z"
"218",-164.287254977971,64.7071350272745,"139.24797100000001","2019-05-30T13:04:32Z","220","Upland Game","user","SymbolAndNameSymbolAndName2019-05-30T13:04:32Z"
"219",-164.289834005758,64.7084619663656,"151.37674000000001","2019-05-30T13:24:32Z","221","Upland Game","user","SymbolAndNameSymbolAndName2019-05-30T13:24:32Z"
"220",-164.297763034701,64.712791973725,"114.720589","2019-05-30T13:38:47Z","222","Upland Game","user","SymbolAndNameSymbolAndName2019-05-30T13:38:47Z"
"221",-164.308160031214,64.7185680270195,"181.83685299999999","2019-05-30T14:21:49Z","223","Upland Game","user","SymbolAndNameSymbolAndName2019-05-30T14:21:49Z"
"222",-164.306566966698,64.7195760346949,"207.22586100000001","2019-05-30T14:45:21Z","224","Upland Game","user","SymbolAndNameSymbolAndName2019-05-30T14:45:21Z"
"223",-164.296246999875,64.7235069796443,"273.29538000000002","2019-05-30T15:02:14Z","225","Upland Game","user","SymbolAndNameSymbolAndName2019-05-30T15:02:14Z"
"224",-164.28432399407,64.7285549808294,"183.10505699999999","2019-05-30T15:40:03Z","226","Upland Game","user","SymbolAndNameSymbolAndName2019-05-30T15:40:03Z"
"225",-164.272382967174,64.7335449792445,"231.37803600000001","2019-05-30T16:17:57Z","227","Upland Game","user","SymbolAndNameSymbolAndName2019-05-30T16:17:57Z"
"226",-164.261891003698,64.7278329636902,"262.02398699999998","2019-05-30T16:54:04Z","228","Upland Game","user","SymbolAndNameSymbolAndName2019-05-30T16:54:04Z"
"227",-164.273864971474,64.722827039659,"241.138992","2019-05-30T17:34:37Z","229","Upland Game","user","SymbolAndNameSymbolAndName2019-05-30T17:34:37Z"
"228",-164.28578001447,64.7178330179304,"241.22728000000001","2019-05-30T18:04:19Z","230","Upland Game","user","SymbolAndNameSymbolAndName2019-05-30T18:04:19Z"
"229",-164.275282016024,64.7121380176395,"121.61351000000001","2019-05-30T18:40:01Z","231","Upland Game","user","SymbolAndNameSymbolAndName2019-05-30T18:40:01Z"
"230",-166.035097036511,64.7645239904523,"200.417191","2019-05-31T12:57:04Z","232","Upland Game","user","SymbolAndNameSymbolAndName2019-05-31T12:57:04Z"
"231",-166.046890961006,64.7594139631838,"220.54771400000001","2019-05-31T13:37:54Z","233","Upland Game","user","SymbolAndNameSymbolAndName2019-05-31T13:37:54Z"
"232",-166.058700978756,64.7544030100107,"228.05441300000001","2019-05-31T14:06:58Z","234","Upland Game","user","SymbolAndNameSymbolAndName2019-05-31T14:06:58Z"
"233",-166.070463974029,64.7492329683155,"263.43847699999998","2019-05-31T14:35:31Z","235","Upland Game","user","SymbolAndNameSymbolAndName2019-05-31T14:35:31Z"
"234",-166.082138037309,64.744065022096,"299.26547199999999","2019-05-31T15:02:47Z","236","Upland Game","user","SymbolAndNameSymbolAndName2019-05-31T15:02:47Z"
"235",-166.071304008365,64.7385390009731,"261.44595299999997","2019-05-31T15:32:50Z","237","Upland Game","user","SymbolAndNameSymbolAndName2019-05-31T15:32:50Z"
"236",-166.059237001464,64.7333950269967,"222.67193599999999","2019-05-31T16:06:21Z","238","Upland Game","user","SymbolAndNameSymbolAndName2019-05-31T16:06:21Z"
"237",-166.04908500798,64.7380039840937,"251.38928200000001","2019-05-31T16:57:07Z","239","Upland Game","user","SymbolAndNameSymbolAndName2019-05-31T16:57:07Z"
"238",-166.042475039139,64.7409700043499,"256.114777","2019-05-31T17:19:30Z","240","Upland Game","user","SymbolAndNameSymbolAndName2019-05-31T17:19:30Z"
"239",-166.041071992368,64.7417599987239,"255.062592","2019-05-31T17:23:11Z","241","Upland Game","user","SymbolAndNameSymbolAndName2019-05-31T17:23:11Z"
"240",-166.037238026038,64.7431219741702,"252.80317700000001","2019-05-31T17:27:40Z","242","Upland Game","user","SymbolAndNameSymbolAndName2019-05-31T17:27:40Z"
"241",-166.036162963137,64.7538730222732,"237.476562","2019-05-31T18:05:35Z","243","Upland Game","user","SymbolAndNameSymbolAndName2019-05-31T18:05:35Z"
"242",-166.030952017754,64.8074290249497,"208.34693899999999","2019-06-01T12:33:44Z","244","Upland Game","user","SymbolAndNameSymbolAndName2019-06-01T12:33:44Z"
"243",-166.041685966775,64.8130739852786,"222.49795499999999","2019-06-01T13:02:12Z","245","Upland Game","user","SymbolAndNameSymbolAndName2019-06-01T13:02:12Z"
"244",-166.05053499341,64.8177550267428,"225.17855800000001","2019-06-01T13:36:26Z","246","Upland Game","user","SymbolAndNameSymbolAndName2019-06-01T13:36:26Z"
"245",-166.05241002515,64.8187010083348,"223.890289","2019-06-01T13:39:02Z","247","Upland Game","user","SymbolAndNameSymbolAndName2019-06-01T13:39:02Z"
"246",-166.063146991655,64.8243250139058,"188.654999","2019-06-01T14:06:30Z","248","Upland Game","user","SymbolAndNameSymbolAndName2019-06-01T14:06:30Z"
"247",-166.063949977979,64.8247440252453,"185.54621900000001","2019-06-01T14:23:34Z","249","Upland Game","user","SymbolAndNameSymbolAndName2019-06-01T14:23:34Z"
"248",-166.066272016615,64.8259269632399,"171.35359199999999","2019-06-01T14:29:12Z","250","Upland Game","user","SymbolAndNameSymbolAndName2019-06-01T14:29:12Z"
"249",-166.073836013675,64.8299109656364,"136.17970299999999","2019-06-01T14:38:39Z","251","Upland Game","user","SymbolAndNameSymbolAndName2019-06-01T14:38:39Z"
"250",-166.051318030804,64.8294330295175,"205.342331","2019-06-01T15:26:08Z","252","Upland Game","user","SymbolAndNameSymbolAndName2019-06-01T15:26:08Z"
"251",-166.040575029328,64.833705034107,"157.126678","2019-06-01T15:54:42Z","253","Upland Game","user","SymbolAndNameSymbolAndName2019-06-01T15:54:42Z"
"252",-166.028870036826,64.8289059754461,"192.43696600000001","2019-06-01T16:26:53Z","254","Upland Game","user","SymbolAndNameSymbolAndName2019-06-01T16:26:53Z"
"253",-166.039973963052,64.8241240158677,"300.84491000000003","2019-06-01T17:04:32Z","255","Upland Game","user","SymbolAndNameSymbolAndName2019-06-01T17:04:32Z"
"254",-166.04070997797,64.8237820342183,"300.58642600000002","2019-06-01T17:06:19Z","256","Upland Game","user","SymbolAndNameSymbolAndName2019-06-01T17:06:19Z"
"255",-166.029947027564,64.8181799892336,"314.907623","2019-06-01T17:36:13Z","257","Upland Game","user","SymbolAndNameSymbolAndName2019-06-01T17:36:13Z"
"256",-164.757033996284,65.4451809637249,"165.01435900000001","2019-06-03T12:38:55Z","258","Upland Game","user","SymbolAndNameSymbolAndName2019-06-03T12:38:55Z"
"257",-164.770332975313,65.4396390169859,"147.02513099999999","2019-06-03T13:21:55Z","259","Upland Game","user","SymbolAndNameSymbolAndName2019-06-03T13:21:55Z"
"258",-164.781081005931,65.4349820315838,"246.20220900000001","2019-06-03T14:14:34Z","260","Upland Game","user","SymbolAndNameSymbolAndName2019-06-03T14:14:34Z"
"259",-164.792708968744,65.4299089685082,"245.00868199999999","2019-06-03T14:45:17Z","261","Upland Game","user","SymbolAndNameSymbolAndName2019-06-03T14:45:17Z"
"260",-164.805324990302,65.424797013402,"257.46978799999999","2019-06-03T15:16:27Z","262","Upland Game","user","SymbolAndNameSymbolAndName2019-06-03T15:16:27Z"
"261",-164.817434996367,65.4196940269321,"247.61769100000001","2019-06-03T15:45:40Z","263","Upland Game","user","SymbolAndNameSymbolAndName2019-06-03T15:45:40Z"
"262",-164.806675985456,65.4140019603074,"257.10247800000002","2019-06-03T16:17:44Z","264","Upland Game","user","SymbolAndNameSymbolAndName2019-06-03T16:17:44Z"
"263",-164.80475300923,65.4148139990866,"256.48501599999997","2019-06-03T16:36:23Z","265","Upland Game","user","SymbolAndNameSymbolAndName2019-06-03T16:36:23Z"
"264",-164.795153969899,65.4188270028681,"240.0728","2019-06-03T16:50:18Z","266","Upland Game","user","SymbolAndNameSymbolAndName2019-06-03T16:50:18Z"
"265",-164.782352959737,65.424183961004,"256.296539","2019-06-03T17:27:55Z","267","Upland Game","user","SymbolAndNameSymbolAndName2019-06-03T17:27:55Z"
"266",-164.770432971418,65.4292850196362,"277.88793900000002","2019-06-03T18:00:07Z","268","Upland Game","user","SymbolAndNameSymbolAndName2019-06-03T18:00:07Z"
"267",-164.679380021989,65.3448459785432,"98.432052999999996","2019-06-04T12:32:38Z","269","Upland Game","user","SymbolAndNameSymbolAndName2019-06-04T12:32:38Z"
"268",-164.690531976521,65.340120010078,"99.527450999999999","2019-06-04T13:10:36Z","270","Upland Game","user","SymbolAndNameSymbolAndName2019-06-04T13:10:36Z"
"269",-164.702522037551,65.3350119944662,"140.686127","2019-06-04T13:50:59Z","271","Upland Game","user","SymbolAndNameSymbolAndName2019-06-04T13:50:59Z"
"270",-164.707039967179,65.3338469937444,"149.78181499999999","2019-06-04T14:17:12Z","272","Upland Game","user","SymbolAndNameSymbolAndName2019-06-04T14:17:12Z"
"271",-164.714560965076,65.3299579583108,"157.67993200000001","2019-06-04T14:37:23Z","273","Upland Game","user","SymbolAndNameSymbolAndName2019-06-04T14:37:23Z"
"272",-164.711578013375,65.3285420034081,"151.44946300000001","2019-06-04T14:59:03Z","274","Upland Game","user","SymbolAndNameSymbolAndName2019-06-04T14:59:03Z"
"273",-164.703992977738,65.3242130018771,"135.263428","2019-06-04T15:14:17Z","275","Upland Game","user","SymbolAndNameSymbolAndName2019-06-04T15:14:17Z"
"274",-164.69634398818,65.3262310288846,"123.14503499999999","2019-06-04T15:44:31Z","276","Upland Game","user","SymbolAndNameSymbolAndName2019-06-04T15:44:31Z"
"275",-164.691913984716,65.3293259628117,"124.980194","2019-06-04T15:52:38Z","277","Upland Game","user","SymbolAndNameSymbolAndName2019-06-04T15:52:38Z"
"276",-164.681382039562,65.3235479816794,"96.544608999999994","2019-06-04T16:34:03Z","278","Upland Game","user","SymbolAndNameSymbolAndName2019-06-04T16:34:03Z"
"277",-164.669602029026,65.3287249803543,"90.377753999999996","2019-06-04T17:21:05Z","279","Upland Game","user","SymbolAndNameSymbolAndName2019-06-04T17:21:05Z"
"278",-164.680064991117,65.3343870397657,"100.409843","2019-06-04T17:58:49Z","280","Upland Game","user","SymbolAndNameSymbolAndName2019-06-04T17:58:49Z"
"279",-164.668853022158,65.3392000123858,"89.773208999999994","2019-06-04T18:33:13Z","281","Upland Game","user","SymbolAndNameSymbolAndName2019-06-04T18:33:13Z"
"280",-164.281128980219,64.6693479828537,"167.69931","2019-06-05T12:35:36Z","282","Upland Game","user","SymbolAndNameSymbolAndName2019-06-05T12:35:36Z"
"281",-164.270591000095,64.663634961471,"102.421661","2019-06-05T13:04:24Z","283","Upland Game","user","SymbolAndNameSymbolAndName2019-06-05T13:04:24Z"
"282",-164.265708960593,64.66183796525,"77.205627000000007","2019-06-05T13:38:51Z","284","Upland Game","user","SymbolAndNameSymbolAndName2019-06-05T13:38:51Z"
"283",-164.260202972218,64.6579190064222,"94.442436000000001","2019-06-05T13:53:29Z","285","Upland Game","user","SymbolAndNameSymbolAndName2019-06-05T13:53:29Z"
"284",-164.248276026919,64.6629520040005,"98.455482000000003","2019-06-05T14:22:00Z","286","Upland Game","user","SymbolAndNameSymbolAndName2019-06-05T14:22:00Z"
"285",-164.236397026107,64.6679669804871,"166.25799599999999","2019-06-05T14:58:38Z","287","Upland Game","user","SymbolAndNameSymbolAndName2019-06-05T14:58:38Z"
"286",-164.231498977169,64.670384991914,"186.83798200000001","2019-06-05T15:23:57Z","288","Upland Game","user","SymbolAndNameSymbolAndName2019-06-05T15:23:57Z"
"287",-164.224418029189,64.6729470044374,"170.66828899999999","2019-06-05T15:32:53Z","289","Upland Game","user","SymbolAndNameSymbolAndName2019-06-05T15:32:53Z"
"288",-164.234979981557,64.6786839980632,"221.14961199999999","2019-06-05T16:03:40Z","290","Upland Game","user","SymbolAndNameSymbolAndName2019-06-05T16:03:40Z"
"289",-164.245416037738,64.6843449678272,"162.06024199999999","2019-06-05T16:37:02Z","291","Upland Game","user","SymbolAndNameSymbolAndName2019-06-05T16:37:02Z"
"290",-164.257311969995,64.6793109644204,"242.86013800000001","2019-06-05T17:25:37Z","292","Upland Game","user","SymbolAndNameSymbolAndName2019-06-05T17:25:37Z"
"291",-164.269162975252,64.6742919646204,"142.701187","2019-06-05T17:54:04Z","293","Upland Game","user","SymbolAndNameSymbolAndName2019-06-05T17:54:04Z"
"292",-166.305358009413,65.1313399616629,"250.26570100000001","2019-06-07T12:33:12Z","294","Upland Game","user","SymbolAndNameSymbolAndName2019-06-07T12:33:12Z"
"293",-166.308325035498,65.1329880114645,"232.133545","2019-06-07T12:52:51Z","295","Upland Game","user","SymbolAndNameSymbolAndName2019-06-07T12:52:51Z"
"294",-166.316166976467,65.1369639672339,"185.58512899999999","2019-06-07T13:03:34Z","296","Upland Game","user","SymbolAndNameSymbolAndName2019-06-07T13:03:34Z"
"295",-166.317674964666,65.1381120365113,"178.10571300000001","2019-06-07T13:21:36Z","297","Upland Game","user","SymbolAndNameSymbolAndName2019-06-07T13:21:36Z"
"296",-166.32700201124,65.1425980310887,"179.35406499999999","2019-06-07T13:36:04Z","298","Upland Game","user","SymbolAndNameSymbolAndName2019-06-07T13:36:04Z"
"297",-166.334640020505,65.1466559618711,"227.298294","2019-06-07T14:07:11Z","299","Upland Game","user","SymbolAndNameSymbolAndName2019-06-07T14:07:11Z"
"298",-166.337815001607,65.1482289936393,"248.14419599999999","2019-06-07T14:12:23Z","300","Upland Game","user","SymbolAndNameSymbolAndName2019-06-07T14:12:23Z"
"299",-166.338717984036,65.1479200366884,"251.71019000000001","2019-06-07T14:28:37Z","301","Upland Game","user","SymbolAndNameSymbolAndName2019-06-07T14:28:37Z"
"300",-166.350060962141,65.1432000193745,"285.13314800000001","2019-06-07T14:43:55Z","302","Upland Game","user","SymbolAndNameSymbolAndName2019-06-07T14:43:55Z"
"301",-166.360453013331,65.1486770063639,"326.34793100000002","2019-06-07T15:11:35Z","303","Upland Game","user","SymbolAndNameSymbolAndName2019-06-07T15:11:35Z"
"302",-166.371251000091,65.1535150408745,"295.96942100000001","2019-06-07T15:44:51Z","304","Upland Game","user","SymbolAndNameSymbolAndName2019-06-07T15:44:51Z"
"303",-166.383298980072,65.149613013491,"364.55120799999997","2019-06-07T16:24:09Z","305","Upland Game","user","SymbolAndNameSymbolAndName2019-06-07T16:24:09Z"
"304",-166.372223971412,65.1435040310025,"388.79428100000001","2019-06-07T17:03:53Z","306","Upland Game","user","SymbolAndNameSymbolAndName2019-06-07T17:03:53Z"
"305",-166.36140704155,65.1378829590976,"343.528076","2019-06-07T17:55:44Z","307","Upland Game","user","SymbolAndNameSymbolAndName2019-06-07T17:55:44Z"
"306",-166.347480006516,65.1373249758035,"217.922989","2019-06-07T18:21:18Z","308","Upland Game","user","SymbolAndNameSymbolAndName2019-06-07T18:21:18Z"
"307",-166.33881798014,65.1374620199203,"187.77761799999999","2019-06-07T18:29:03Z","309","Upland Game","user","SymbolAndNameSymbolAndName2019-06-07T18:29:03Z"
"308",-166.32794296369,65.1317999605089,"170.87150600000001","2019-06-07T18:56:02Z","310","Upland Game","user","SymbolAndNameSymbolAndName2019-06-07T18:56:02Z"
"309",-166.375166019425,65.111140999943,"159.130157","2019-06-08T12:18:52Z","311","Upland Game","user","SymbolAndNameSymbolAndName2019-06-08T12:18:52Z"
"310",-166.386094009504,65.1168489921838,"174.147369","2019-06-08T12:48:12Z","312","Upland Game","user","SymbolAndNameSymbolAndName2019-06-08T12:48:12Z"
"311",-166.397001966834,65.1224050205201,"173.67686499999999","2019-06-08T13:15:28Z","313","Upland Game","user","SymbolAndNameSymbolAndName2019-06-08T13:15:28Z"
"312",-166.39779699035,65.1227969583124,"173.94894400000001","2019-06-08T13:31:40Z","314","Upland Game","user","SymbolAndNameSymbolAndName2019-06-08T13:31:40Z"
"313",-166.402781037614,65.1254800055176,"180.915436","2019-06-08T13:38:53Z","315","Upland Game","user","SymbolAndNameSymbolAndName2019-06-08T13:38:53Z"
"314",-166.407712027431,65.1280830055475,"198.73782299999999","2019-06-08T13:46:45Z","316","Upland Game","user","SymbolAndNameSymbolAndName2019-06-08T13:46:45Z"
"315",-166.419439986348,65.1228579785675,"216.885986","2019-06-08T14:17:29Z","317","Upland Game","user","SymbolAndNameSymbolAndName2019-06-08T14:17:29Z"
"316",-166.431239023805,65.1176870148629,"261.29049700000002","2019-06-08T14:54:42Z","318","Upland Game","user","SymbolAndNameSymbolAndName2019-06-08T14:54:42Z"
"317",-166.408284008503,65.1171880401671,"216.642303","2019-06-08T15:36:34Z","319","Upland Game","user","SymbolAndNameSymbolAndName2019-06-08T15:36:34Z"
"318",-166.39779003337,65.1116360351443,"165.80664100000001","2019-06-08T16:04:04Z","320","Upland Game","user","SymbolAndNameSymbolAndName2019-06-08T16:04:04Z"
"319",-166.386987017468,65.105998031795,"185.94386299999999","2019-06-08T16:32:34Z","321","Upland Game","user","SymbolAndNameSymbolAndName2019-06-08T16:32:34Z"
"320",-166.370887979865,65.1055640168488,"134.239059","2019-06-08T17:13:56Z","322","Upland Game","user","SymbolAndNameSymbolAndName2019-06-08T17:13:56Z"
"321",-166.367315026,65.1054729893804,"131.698792","2019-06-08T17:23:12Z","323","Upland Game","user","SymbolAndNameSymbolAndName2019-06-08T17:23:12Z"
"322",-166.364371972159,65.1061960123479,"145.13244599999999","2019-06-08T17:26:46Z","324","Upland Game","user","SymbolAndNameSymbolAndName2019-06-08T17:26:46Z"
"323",-165.5799870193,64.6035849954933,"267.689392","2019-06-10T12:31:25Z","325","Upland Game","user","SymbolAndNameSymbolAndName2019-06-10T12:31:25Z"
"324",-165.568216983229,64.6086650155485,"237.914963","2019-06-10T13:03:52Z","326","Upland Game","user","SymbolAndNameSymbolAndName2019-06-10T13:03:52Z"
"325",-165.556461028755,64.6137609612197,"375.952271","2019-06-10T13:40:46Z","327","Upland Game","user","SymbolAndNameSymbolAndName2019-06-10T13:40:46Z"
"326",-165.54474497214,64.6188129857183,"403.875","2019-06-10T14:12:12Z","328","Upland Game","user","SymbolAndNameSymbolAndName2019-06-10T14:12:12Z"
"327",-165.55571696721,64.6239850390702,"317.754211","2019-06-10T14:48:23Z","329","Upland Game","user","SymbolAndNameSymbolAndName2019-06-10T14:48:23Z"
"328",-165.567162036896,64.6193739864975,"258.25872800000002","2019-06-10T15:24:49Z","330","Upland Game","user","SymbolAndNameSymbolAndName2019-06-10T15:24:49Z"
"329",-165.577718960121,64.6249720081687,"306.00714099999999","2019-06-10T15:55:04Z","331","Upland Game","user","SymbolAndNameSymbolAndName2019-06-10T15:55:04Z"
"330",-165.589393023401,64.6198929939419,"256.71603399999998","2019-06-10T16:27:22Z","332","Upland Game","user","SymbolAndNameSymbolAndName2019-06-10T16:27:22Z"
"331",-165.578886978328,64.6143310144544,"173.43528699999999","2019-06-10T17:12:46Z","333","Upland Game","user","SymbolAndNameSymbolAndName2019-06-10T17:12:46Z"
"332",-163.888474032283,64.7427860274911,"105.837608","2019-06-11T12:22:41Z","334","Upland Game","user","SymbolAndNameSymbolAndName2019-06-11T12:22:41Z"
"333",-163.900454035029,64.7376950271428,"140.97174100000001","2019-06-11T13:11:47Z","335","Upland Game","user","SymbolAndNameSymbolAndName2019-06-11T13:11:47Z"
"334",-163.912553982809,64.7327040228993,"201.39601099999999","2019-06-11T13:47:50Z","336","Upland Game","user","SymbolAndNameSymbolAndName2019-06-11T13:47:50Z"
"335",-163.924848977476,64.728044020012,"258.09387199999998","2019-06-11T14:19:18Z","337","Upland Game","user","SymbolAndNameSymbolAndName2019-06-11T14:19:18Z"
"336",-163.936203019693,64.7227289713919,"264.01391599999999","2019-06-11T14:55:06Z","338","Upland Game","user","SymbolAndNameSymbolAndName2019-06-11T14:55:06Z"
"337",-163.925820020959,64.7170959971845,"203.15046699999999","2019-06-11T15:21:30Z","339","Upland Game","user","SymbolAndNameSymbolAndName2019-06-11T15:21:30Z"
"338",-163.913763994351,64.7220979817212,"178.869629","2019-06-11T15:53:23Z","340","Upland Game","user","SymbolAndNameSymbolAndName2019-06-11T15:53:23Z"
"339",-163.902773978189,64.7164560388774,"239.24108899999999","2019-06-11T16:28:46Z","341","Upland Game","user","SymbolAndNameSymbolAndName2019-06-11T16:28:46Z"
"340",-163.891461007297,64.7212830092758,"327.41751099999999","2019-06-11T17:16:50Z","342","Upland Game","user","SymbolAndNameSymbolAndName2019-06-11T17:16:50Z"
"341",-163.889950001612,64.7320079896599,"154.016266","2019-06-11T17:51:31Z","343","Upland Game","user","SymbolAndNameSymbolAndName2019-06-11T17:51:31Z"
"342",-163.851332981139,64.7674190159887,"150.187073","2019-06-12T12:12:27Z","344","Upland Game","user","SymbolAndNameSymbolAndName2019-06-12T12:12:27Z"
"343",-163.861289005727,64.7740569803864,"193.95115699999999","2019-06-12T12:52:33Z","345","Upland Game","user","SymbolAndNameSymbolAndName2019-06-12T12:52:33Z"
"344",-163.871696982533,64.7797949798405,"251.33194","2019-06-12T13:23:39Z","346","Upland Game","user","SymbolAndNameSymbolAndName2019-06-12T13:23:39Z"
"345",-163.859625030309,64.7848129738122,"222.186722","2019-06-12T13:53:45Z","347","Upland Game","user","SymbolAndNameSymbolAndName2019-06-12T13:53:45Z"
"346",-163.847763966769,64.7897779941559,"254.17207300000001","2019-06-12T14:23:38Z","348","Upland Game","user","SymbolAndNameSymbolAndName2019-06-12T14:23:38Z"
"347",-163.835738031194,64.7947590239346,"256.82510400000001","2019-06-12T15:00:19Z","349","Upland Game","user","SymbolAndNameSymbolAndName2019-06-12T15:00:19Z"
"348",-163.826392041519,64.7894530277699,"112.394852","2019-06-12T15:42:31Z","350","Upland Game","user","SymbolAndNameSymbolAndName2019-06-12T15:42:31Z"
"349",-163.83727401495,64.7840229794383,"194.66781599999999","2019-06-12T16:38:50Z","351","Upland Game","user","SymbolAndNameSymbolAndName2019-06-12T16:38:50Z"
"350",-163.849249994382,64.7790940012783,"211.100876","2019-06-12T17:19:02Z","352","Upland Game","user","SymbolAndNameSymbolAndName2019-06-12T17:19:02Z"
"351",-163.83912297897,64.773537972942,"182.09968599999999","2019-06-12T17:48:48Z","353","Upland Game","user","SymbolAndNameSymbolAndName2019-06-12T17:48:48Z"
"352",-164.439295995981,64.6634809859097,"65.622742000000002","2019-06-15T11:59:01Z","354","Upland Game","user","SymbolAndNameSymbolAndName2019-06-15T11:59:01Z"
"353",-164.444715986028,64.666389003396,"86.130347999999998","2019-06-15T12:32:09Z","355","Upland Game","user","SymbolAndNameSymbolAndName2019-06-15T12:32:09Z"
"354",-164.449846968055,64.6691280417144,"97.112273999999999","2019-06-15T12:39:47Z","356","Upland Game","user","SymbolAndNameSymbolAndName2019-06-15T12:39:47Z"
"355",-164.438891988248,64.6740199718624,"44.441195999999998","2019-06-15T13:08:18Z","357","Upland Game","user","SymbolAndNameSymbolAndName2019-06-15T13:08:18Z"
"356",-164.44834199734,64.6798709593713,"86.422584999999998","2019-06-15T13:51:10Z","358","Upland Game","user","SymbolAndNameSymbolAndName2019-06-15T13:51:10Z"
"357",-164.458804959431,64.6855279896408,"217.126801","2019-06-15T14:31:33Z","359","Upland Game","user","SymbolAndNameSymbolAndName2019-06-15T14:31:33Z"
"358",-164.469291977584,64.6912170387805,"371.67626999999999","2019-06-15T15:15:28Z","360","Upland Game","user","SymbolAndNameSymbolAndName2019-06-15T15:15:28Z"
"359",-164.480194989592,64.6856320090592,"192.708496","2019-06-15T15:52:49Z","361","Upland Game","user","SymbolAndNameSymbolAndName2019-06-15T15:52:49Z"
"360",-164.470601985231,64.6805270109326,"139.57853700000001","2019-06-15T16:09:56Z","362","Upland Game","user","SymbolAndNameSymbolAndName2019-06-15T16:09:56Z"
"361",-164.461293965578,64.6748050209135,"87.692772000000005","2019-06-15T17:17:36Z","363","Upland Game","user","SymbolAndNameSymbolAndName2019-06-15T17:17:36Z"
"362",-164.460320994258,64.674817007035,"87.883255000000005","2019-06-15T17:20:04Z","364","Upland Game","user","SymbolAndNameSymbolAndName2019-06-15T17:20:04Z"
"363",-164.4615310058,64.6641350258142,"142.85581999999999","2019-06-15T17:56:55Z","365","Upland Game","user","SymbolAndNameSymbolAndName2019-06-15T17:56:55Z"
"364",-165.23691999726,64.5683209877461,"7.884172","2019-06-17T12:15:04Z","366","Upland Game","user","SymbolAndNameSymbolAndName2019-06-17T12:15:04Z"
"365",-165.22494896315,64.5730300247669,"16.274999999999999","2019-06-17T12:44:33Z","367","Upland Game","user","SymbolAndNameSymbolAndName2019-06-17T12:44:33Z"
"366",-165.214279973879,64.5675319992006,"22.981188","2019-06-17T13:14:21Z","368","Upland Game","user","SymbolAndNameSymbolAndName2019-06-17T13:14:21Z"
"367",-165.203475030139,64.5618380047381,"12.099837000000001","2019-06-17T13:47:26Z","369","Upland Game","user","SymbolAndNameSymbolAndName2019-06-17T13:47:26Z"
"368",-165.200724005699,64.5636759884655,"7.88975","2019-06-17T14:08:02Z","370","Upland Game","user","SymbolAndNameSymbolAndName2019-06-17T14:08:02Z"
"369",-165.191809013486,64.566866979003,"20.414106","2019-06-17T14:18:36Z","371","Upland Game","user","SymbolAndNameSymbolAndName2019-06-17T14:18:36Z"
"370",-165.202339030802,64.5725779887289,"23.018636999999998","2019-06-17T14:51:00Z","372","Upland Game","user","SymbolAndNameSymbolAndName2019-06-17T14:51:00Z"
"371",-165.212929984555,64.5781409740448,"21.519371","2019-06-17T15:17:07Z","373","Upland Game","user","SymbolAndNameSymbolAndName2019-06-17T15:17:07Z"
"372",-165.223534014076,64.5838310290128,"28.049097","2019-06-17T15:46:46Z","374","Upland Game","user","SymbolAndNameSymbolAndName2019-06-17T15:46:46Z"
"373",-165.234028995037,64.5894520170987,"44.750362000000003","2019-06-17T16:16:17Z","375","Upland Game","user","SymbolAndNameSymbolAndName2019-06-17T16:16:17Z"
"374",-165.235329028219,64.5787879731506,"19.502459999999999","2019-06-17T16:51:04Z","376","Upland Game","user","SymbolAndNameSymbolAndName2019-06-17T16:51:04Z"
"375",-166.149500040337,64.9822900258005,"102.09195699999999","2019-06-18T12:26:37Z","377","Upland Game","user","SymbolAndNameSymbolAndName2019-06-18T12:26:37Z"
"376",-166.146399993449,64.9807760026306,"108.483215","2019-06-18T12:48:11Z","378","Upland Game","user","SymbolAndNameSymbolAndName2019-06-18T12:48:11Z"
"377",-166.138653019443,64.9767120368779,"142.38324","2019-06-18T13:00:05Z","379","Upland Game","user","SymbolAndNameSymbolAndName2019-06-18T13:00:05Z"
"378",-166.127803986892,64.9710079841316,"222.35966500000001","2019-06-18T13:30:09Z","380","Upland Game","user","SymbolAndNameSymbolAndName2019-06-18T13:30:09Z"
"379",-166.117216972634,64.9654409755021,"364.420502","2019-06-18T14:08:33Z","381","Upland Game","user","SymbolAndNameSymbolAndName2019-06-18T14:08:33Z"
"380",-166.119517972693,64.9553850386292,"440.31591800000001","2019-06-18T14:52:08Z","382","Upland Game","user","SymbolAndNameSymbolAndName2019-06-18T14:52:08Z"
"381",-166.106029981747,64.9595540296286,"339.82440200000002","2019-06-18T15:24:44Z","383","Upland Game","user","SymbolAndNameSymbolAndName2019-06-18T15:24:44Z"
"382",-166.094572003931,64.9649659730494,"260.74487299999998","2019-06-18T15:53:37Z","384","Upland Game","user","SymbolAndNameSymbolAndName2019-06-18T15:53:37Z"
"383",-166.106791980565,64.9703660141677,"196.792618","2019-06-18T16:25:18Z","385","Upland Game","user","SymbolAndNameSymbolAndName2019-06-18T16:25:18Z"
"384",-166.11686501652,64.9762210249901,"151.94458","2019-06-18T17:18:04Z","386","Upland Game","user","SymbolAndNameSymbolAndName2019-06-18T17:18:04Z"
"385",-166.12691600807,64.9818890355527,"110.96268499999999","2019-06-18T17:46:05Z","387","Upland Game","user","SymbolAndNameSymbolAndName2019-06-18T17:46:05Z"
"386",-166.270480994135,65.1253940071911,"242.384354","2019-06-19T12:21:25Z","388","Upland Game","user","SymbolAndNameSymbolAndName2019-06-19T12:21:25Z"
"387",-166.260025994852,65.1303909625858,"202.82582099999999","2019-06-19T12:45:29Z","389","Upland Game","user","SymbolAndNameSymbolAndName2019-06-19T12:45:29Z"
"388",-166.24757300131,65.1354040112346,"175.22522000000001","2019-06-19T13:10:11Z","390","Upland Game","user","SymbolAndNameSymbolAndName2019-06-19T13:10:11Z"
"389",-166.237369040027,65.1298980228603,"145.401535","2019-06-19T13:36:00Z","391","Upland Game","user","SymbolAndNameSymbolAndName2019-06-19T13:36:00Z"
"390",-166.225634040311,65.1350409910083,"93.576224999999994","2019-06-19T14:03:53Z","392","Upland Game","user","SymbolAndNameSymbolAndName2019-06-19T14:03:53Z"
"391",-166.214811997488,65.1294149737805,"59.373126999999997","2019-06-19T14:29:00Z","393","Upland Game","user","SymbolAndNameSymbolAndName2019-06-19T14:29:00Z"
"392",-166.226601982489,65.1242419984192,"108.25196800000001","2019-06-19T15:05:10Z","394","Upland Game","user","SymbolAndNameSymbolAndName2019-06-19T15:05:10Z"
"393",-166.238462040201,65.1191069930792,"117.872581","2019-06-19T15:34:08Z","395","Upland Game","user","SymbolAndNameSymbolAndName2019-06-19T15:34:08Z"
"394",-166.249832008034,65.1246760133654,"172.32858300000001","2019-06-19T16:05:15Z","396","Upland Game","user","SymbolAndNameSymbolAndName2019-06-19T16:05:15Z"
"395",-166.261224020272,65.1196109969169,"211.674103","2019-06-19T16:33:09Z","397","Upland Game","user","SymbolAndNameSymbolAndName2019-06-19T16:33:09Z"
"396",-163.945252038538,64.7391860000789,"161.38073700000001","2019-06-20T12:15:48Z","398","Upland Game","user","SymbolAndNameSymbolAndName2019-06-20T12:15:48Z"
"397",-163.955627996475,64.7449130192399,"224.60252399999999","2019-06-20T12:47:00Z","399","Upland Game","user","SymbolAndNameSymbolAndName2019-06-20T12:47:00Z"
"398",-163.966049971059,64.7506400384009,"266.18158","2019-06-20T13:21:56Z","400","Upland Game","user","SymbolAndNameSymbolAndName2019-06-20T13:21:56Z"
"399",-163.976546041667,64.7563590109348,"319.27093500000001","2019-06-20T13:59:04Z","401","Upland Game","user","SymbolAndNameSymbolAndName2019-06-20T13:59:04Z"
"400",-163.986960975453,64.7621179651469,"276.46481299999999","2019-06-20T14:30:03Z","402","Upland Game","user","SymbolAndNameSymbolAndName2019-06-20T14:30:03Z"
"401",-163.998884987086,64.7570620011538,"343.932526","2019-06-20T15:06:32Z","403","Upland Game","user","SymbolAndNameSymbolAndName2019-06-20T15:06:32Z"
"402",-163.988387994468,64.7513150330633,"284.137878","2019-06-20T15:34:12Z","404","Upland Game","user","SymbolAndNameSymbolAndName2019-06-20T15:34:12Z"
"403",-163.977912040427,64.7455929592252,"264.55395499999997","2019-06-20T16:01:54Z","405","Upland Game","user","SymbolAndNameSymbolAndName2019-06-20T16:01:54Z"
"404",-163.967508003116,64.7399179916829,"208.19012499999999","2019-06-20T16:52:46Z","406","Upland Game","user","SymbolAndNameSymbolAndName2019-06-20T16:52:46Z"
"405",-163.956684032455,64.7345539927483,"142.34704600000001","2019-06-20T17:34:21Z","407","Upland Game","user","SymbolAndNameSymbolAndName2019-06-20T17:34:21Z"
"406",-163.705091988668,64.8390060011297,"32.788231000000003","2019-06-21T12:01:56Z","408","Upland Game","user","SymbolAndNameSymbolAndName2019-06-21T12:01:56Z"
"407",-163.694592984393,64.8330400139093,"32.236457999999999","2019-06-21T12:32:12Z","409","Upland Game","user","SymbolAndNameSymbolAndName2019-06-21T12:32:12Z"
"408",-163.68426002562,64.82731198892,"32.003051999999997","2019-06-21T13:02:05Z","410","Upland Game","user","SymbolAndNameSymbolAndName2019-06-21T13:02:05Z"
"409",-163.673909967765,64.8215680383146,"29.361474999999999","2019-06-21T13:30:51Z","411","Upland Game","user","SymbolAndNameSymbolAndName2019-06-21T13:30:51Z"
"410",-163.696682006121,64.822457022965,"33.380020000000002","2019-06-21T14:05:47Z","412","Upland Game","user","SymbolAndNameSymbolAndName2019-06-21T14:05:47Z"
"411",-163.706565024331,64.8278689663857,"46.355877","2019-06-21T14:38:21Z","413","Upland Game","user","SymbolAndNameSymbolAndName2019-06-21T14:38:21Z"
"412",-163.717200988904,64.8338519688696,"62.085732","2019-06-21T15:23:49Z","414","Upland Game","user","SymbolAndNameSymbolAndName2019-06-21T15:23:49Z"
"413",-165.193054983392,64.5561780408025,"16.289290999999999","2019-06-25T12:13:38Z","415","Upland Game","user","SymbolAndNameSymbolAndName2019-06-25T12:13:38Z"
"414",-165.187485963106,64.5576430298388,"20.329712000000001","2019-06-25T12:39:03Z","416","Upland Game","user","SymbolAndNameSymbolAndName2019-06-25T12:39:03Z"
"415",-165.181002980098,64.5613090228289,"37.417923000000002","2019-06-25T12:49:53Z","417","Upland Game","user","SymbolAndNameSymbolAndName2019-06-25T12:49:53Z"
"416",-165.170655017719,64.5555919781327,"36.48695","2019-06-25T13:18:12Z","418","Upland Game","user","SymbolAndNameSymbolAndName2019-06-25T13:18:12Z"
"417",-165.160160036758,64.5499330200255,"51.209876999999999","2019-06-25T13:47:25Z","419","Upland Game","user","SymbolAndNameSymbolAndName2019-06-25T13:47:25Z"
"418",-165.148356975988,64.5549840386957,"46.424343","2019-06-25T14:16:46Z","420","Upland Game","user","SymbolAndNameSymbolAndName2019-06-25T14:16:46Z"
"419",-165.137671977282,64.5493629667908,"37.615532000000002","2019-06-25T14:53:02Z","421","Upland Game","user","SymbolAndNameSymbolAndName2019-06-25T14:53:02Z"
"420",-165.149732027203,64.5442930050194,"34.037551999999998","2019-06-25T15:22:56Z","422","Upland Game","user","SymbolAndNameSymbolAndName2019-06-25T15:22:56Z"
"421",-165.161506002769,64.5392139907926,"74.797989000000001","2019-06-25T15:56:45Z","423","Upland Game","user","SymbolAndNameSymbolAndName2019-06-25T15:56:45Z"
"422",-165.183723997325,64.5398459862918,"129.92005900000001","2019-06-25T16:29:30Z","424","Upland Game","user","SymbolAndNameSymbolAndName2019-06-25T16:29:30Z"
"423",-165.194267006591,64.5455040223897,"22.936874","2019-06-25T17:17:26Z","425","Upland Game","user","SymbolAndNameSymbolAndName2019-06-25T17:17:26Z"
"424",-164.738581990823,64.9628669768572,"111.75363900000001","2019-06-26T11:58:45Z","426","Upland Game","user","SymbolAndNameSymbolAndName2019-06-26T11:58:45Z"
"425",-164.750211965293,64.9579909723252,"110.01355","2019-06-26T12:48:58Z","427","Upland Game","user","SymbolAndNameSymbolAndName2019-06-26T12:48:58Z"
"426",-164.762402018532,64.9527670349926,"108.91645800000001","2019-06-26T13:47:43Z","428","Upland Game","user","SymbolAndNameSymbolAndName2019-06-26T13:47:43Z"
"427",-164.773048041388,64.9585050344467,"125.020386","2019-06-26T14:23:57Z","429","Upland Game","user","SymbolAndNameSymbolAndName2019-06-26T14:23:57Z"
"428",-164.03337802738,64.7528849635273,"444.49514799999997","2019-06-28T12:29:24Z","430","Upland Game","user","SymbolAndNameSymbolAndName2019-06-28T12:29:24Z"
"429",-164.043499007821,64.7589009907097,"318.17846700000001","2019-06-28T13:02:50Z","431","Upland Game","user","SymbolAndNameSymbolAndName2019-06-28T13:02:50Z"
"430",-164.054238991812,64.7642540093511,"274.00302099999999","2019-06-28T13:27:38Z","432","Upland Game","user","SymbolAndNameSymbolAndName2019-06-28T13:27:38Z"
"431",-164.042138038203,64.7692279983312,"327.50503500000002","2019-06-28T13:52:11Z","433","Upland Game","user","SymbolAndNameSymbolAndName2019-06-28T13:52:11Z"
"432",-164.052839968354,64.7750870324671,"325.838257","2019-06-28T14:20:25Z","434","Upland Game","user","SymbolAndNameSymbolAndName2019-06-28T14:20:25Z"
"433",-164.040739014745,64.7799430042505,"295.07354700000002","2019-06-28T14:46:54Z","435","Upland Game","user","SymbolAndNameSymbolAndName2019-06-28T14:46:54Z"
"434",-164.030250990763,64.7741999756545,"407.240723","2019-06-28T15:19:34Z","436","Upland Game","user","SymbolAndNameSymbolAndName2019-06-28T15:19:34Z"
"435",-164.016353040934,64.7783490177244,"349.62759399999999","2019-06-28T16:04:27Z","437","Upland Game","user","SymbolAndNameSymbolAndName2019-06-28T16:04:27Z"
"436",-164.020462017506,64.775203038007,"330.53143299999999","2019-06-28T16:27:56Z","438","Upland Game","user","SymbolAndNameSymbolAndName2019-06-28T16:27:56Z"
"437",-164.020178038627,64.769097995013,"304.02932700000002","2019-06-28T16:41:23Z","439","Upland Game","user","SymbolAndNameSymbolAndName2019-06-28T16:41:23Z"
"438",-164.03175403364,64.76352696307,"463.42666600000001","2019-06-28T17:22:44Z","440","Upland Game","user","SymbolAndNameSymbolAndName2019-06-28T17:22:44Z"
"439",-165.298682972789,64.5108870137483,"39.715499999999999","2019-07-01T12:35:33Z","441","Upland Game","user","SymbolAndNameSymbolAndName2019-07-01T12:35:33Z"
"440",-165.276730014011,64.5101980213076,"38.235084999999998","2019-07-01T13:09:44Z","442","Upland Game","user","SymbolAndNameSymbolAndName2019-07-01T13:09:44Z"
"441",-165.266172001138,64.5045369677246,"22.648845999999999","2019-07-01T13:38:25Z","443","Upland Game","user","SymbolAndNameSymbolAndName2019-07-01T13:38:25Z"
"442",-165.254343040287,64.5095899980515,"18.192534999999999","2019-07-01T14:05:26Z","444","Upland Game","user","SymbolAndNameSymbolAndName2019-07-01T14:05:26Z"
"443",-165.243840012699,64.5039300341159,"20.190318999999999","2019-07-01T14:33:24Z","445","Upland Game","user","SymbolAndNameSymbolAndName2019-07-01T14:33:24Z"
"444",-165.232095960528,64.5089989900589,"22.594851999999999","2019-07-01T15:06:45Z","446","Upland Game","user","SymbolAndNameSymbolAndName2019-07-01T15:06:45Z"
"445",-165.241767000407,64.5139220170677,"16.022877000000001","2019-07-01T15:33:09Z","447","Upland Game","user","SymbolAndNameSymbolAndName2019-07-01T15:33:09Z"
"446",-165.264986967668,64.5152119919658,"28.111509000000002","2019-07-01T16:07:49Z","448","Upland Game","user","SymbolAndNameSymbolAndName2019-07-01T16:07:49Z"
"447",-165.275517990813,64.5208430383354,"43.063229","2019-07-01T16:36:53Z","449","Upland Game","user","SymbolAndNameSymbolAndName2019-07-01T16:36:53Z"
"448",-165.287292972207,64.5157739985734,"30.194965","2019-07-01T17:06:45Z","450","Upland Game","user","SymbolAndNameSymbolAndName2019-07-01T17:06:45Z"
"449",-165.281006963924,64.5692379679531,"72.283066000000005","2019-07-04T12:20:25Z","451","Upland Game","user","SymbolAndNameSymbolAndName2019-07-04T12:20:25Z"
"450",-165.292914966121,64.5640769787133,"119.60086099999999","2019-07-04T12:49:48Z","452","Upland Game","user","SymbolAndNameSymbolAndName2019-07-04T12:49:48Z"
"451",-165.304691959172,64.5590960327536,"280.091003","2019-07-04T13:25:42Z","453","Upland Game","user","SymbolAndNameSymbolAndName2019-07-04T13:25:42Z"
"452",-165.315288025886,64.5648569986224,"297.86871300000001","2019-07-04T13:53:28Z","454","Upland Game","user","SymbolAndNameSymbolAndName2019-07-04T13:53:28Z"
"453",-165.327271968126,64.5597219932824,"220.46705600000001","2019-07-04T14:21:45Z","455","Upland Game","user","SymbolAndNameSymbolAndName2019-07-04T14:21:45Z"
"454",-165.316535001621,64.5540770329535,"291.19836400000003","2019-07-04T14:53:25Z","456","Upland Game","user","SymbolAndNameSymbolAndName2019-07-04T14:53:25Z"
"455",-165.328392041847,64.5489960070699,"244.153549","2019-07-04T15:20:58Z","457","Upland Game","user","SymbolAndNameSymbolAndName2019-07-04T15:20:58Z"
"456",-165.317515013739,64.5433099754155,"131.655045","2019-07-04T15:54:50Z","458","Upland Game","user","SymbolAndNameSymbolAndName2019-07-04T15:54:50Z"
"457",-165.305655961856,64.5484189968556,"166.19558699999999","2019-07-04T16:26:03Z","459","Upland Game","user","SymbolAndNameSymbolAndName2019-07-04T16:26:03Z"
"458",-165.294222962111,64.5534779783338,"225.28268399999999","2019-07-04T16:53:22Z","460","Upland Game","user","SymbolAndNameSymbolAndName2019-07-04T16:53:22Z"
"459",-165.893860040233,64.7133480291814,"45.267238999999996","2019-07-05T12:31:23Z","461","Upland Game","user","SymbolAndNameSymbolAndName2019-07-05T12:31:23Z"
"460",-165.883332034573,64.7073920164257,"60.682048999999999","2019-07-05T13:06:01Z","462","Upland Game","user","SymbolAndNameSymbolAndName2019-07-05T13:06:01Z"
"461",-165.894079981372,64.7028959635645,"65.887557999999999","2019-07-05T13:35:57Z","463","Upland Game","user","SymbolAndNameSymbolAndName2019-07-05T13:35:57Z"
"462",-165.905958982185,64.7079990338534,"50.025241999999999","2019-07-05T14:02:50Z","464","Upland Game","user","SymbolAndNameSymbolAndName2019-07-05T14:02:50Z"
"463",-165.928288036957,64.7084130160511,"39.316490000000002","2019-07-05T14:41:31Z","465","Upland Game","user","SymbolAndNameSymbolAndName2019-07-05T14:41:31Z"
"464",-165.916529987007,64.7135579958558,"46.927166","2019-07-05T15:17:06Z","466","Upland Game","user","SymbolAndNameSymbolAndName2019-07-05T15:17:06Z"
"465",-165.904755005613,64.7186319809407,"54.495407","2019-07-05T15:46:36Z","467","Upland Game","user","SymbolAndNameSymbolAndName2019-07-05T15:46:36Z"
"466",-165.897355964407,64.7216529864818,"52.609591999999999","2019-07-05T16:08:05Z","468","Upland Game","user","SymbolAndNameSymbolAndName2019-07-05T16:08:05Z"
"467",-165.893016988412,64.7237460315228,"56.959969000000001","2019-07-05T16:19:05Z","469","Upland Game","user","SymbolAndNameSymbolAndName2019-07-05T16:19:05Z"
"468",-165.882344981655,64.7181129734963,"55.206142","2019-07-05T16:46:32Z","470","Upland Game","user","SymbolAndNameSymbolAndName2019-07-05T16:46:32Z"
"469",-165.32443402335,64.87667796202,"300.89224200000001","2019-07-06T12:37:41Z","471","Upland Game","user","SymbolAndNameSymbolAndName2019-07-06T12:37:41Z"
"470",-165.335774989799,64.88227003254,"408.90551799999997","2019-07-06T13:08:34Z","472","Upland Game","user","SymbolAndNameSymbolAndName2019-07-06T13:08:34Z"
"471",-165.35814402625,64.8828310333192,"408.42675800000001","2019-07-06T13:47:56Z","473","Upland Game","user","SymbolAndNameSymbolAndName2019-07-06T13:47:56Z"
"472",-165.369891012087,64.877682030201,"267.29724099999999","2019-07-06T14:15:54Z","474","Upland Game","user","SymbolAndNameSymbolAndName2019-07-06T14:15:54Z"
"473",-165.381806977093,64.8726399801672,"266.762878","2019-07-06T14:52:04Z","475","Upland Game","user","SymbolAndNameSymbolAndName2019-07-06T14:52:04Z"
"474",-165.393652031198,64.867522995919,"331.79846199999997","2019-07-06T15:25:22Z","476","Upland Game","user","SymbolAndNameSymbolAndName2019-07-06T15:25:22Z"
"475",-165.382963009179,64.8618559911847,"374.18862899999999","2019-07-06T16:00:43Z","477","Upland Game","user","SymbolAndNameSymbolAndName2019-07-06T16:00:43Z"
"476",-165.371162965894,64.8669540323317,"315.48236100000003","2019-07-06T16:42:26Z","478","Upland Game","user","SymbolAndNameSymbolAndName2019-07-06T16:42:26Z"
"477",-165.360468998551,64.8612540028989,"345.57284499999997","2019-07-06T17:29:49Z","479","Upland Game","user","SymbolAndNameSymbolAndName2019-07-06T17:29:49Z"
"478",-165.348603995517,64.8663750104606,"313.50784299999998","2019-07-06T17:57:33Z","480","Upland Game","user","SymbolAndNameSymbolAndName2019-07-06T17:57:33Z"
"479",-165.336626004428,64.8714729677886,"308.25921599999998","2019-07-06T18:26:57Z","481","Upland Game","user","SymbolAndNameSymbolAndName2019-07-06T18:26:57Z"
"480",-165.368526019156,64.8884100280702,"246.89892599999999","2019-07-07T12:25:35Z","482","Upland Game","user","SymbolAndNameSymbolAndName2019-07-07T12:25:35Z"
"481",-165.379372034222,64.894109973684,"253.16984600000001","2019-07-07T13:13:44Z","483","Upland Game","user","SymbolAndNameSymbolAndName2019-07-07T13:13:44Z"
"482",-165.401730006561,64.8946169950068,"390.43167099999999","2019-07-07T13:56:26Z","484","Upland Game","user","SymbolAndNameSymbolAndName2019-07-07T13:56:26Z"
"483",-165.41365602985,64.8896109871566,"298.18469199999998","2019-07-07T14:22:00Z","485","Upland Game","user","SymbolAndNameSymbolAndName2019-07-07T14:22:00Z"
"484",-165.425465963781,64.8844879679382,"225.46087600000001","2019-07-07T14:50:24Z","486","Upland Game","user","SymbolAndNameSymbolAndName2019-07-07T14:50:24Z"
"485",-165.41491298005,64.8793379589915,"186.055588","2019-07-07T15:22:39Z","487","Upland Game","user","SymbolAndNameSymbolAndName2019-07-07T15:22:39Z"
"486",-165.402998020872,64.8839319963008,"250.14660599999999","2019-07-07T15:54:35Z","488","Upland Game","user","SymbolAndNameSymbolAndName2019-07-07T15:54:35Z"
"487",-165.395267978311,64.8869260121137,"313.42349200000001","2019-07-07T16:31:47Z","489","Upland Game","user","SymbolAndNameSymbolAndName2019-07-07T16:31:47Z"
"488",-165.391156990081,64.8890110105276,"325.74499500000002","2019-07-07T16:39:43Z","490","Upland Game","user","SymbolAndNameSymbolAndName2019-07-07T16:39:43Z"
"489",-166.187255987898,64.8216459900141,"157.96362300000001","2019-07-10T12:53:06Z","491","Upland Game","user","SymbolAndNameSymbolAndName2019-07-10T12:53:06Z"
"490",-166.199023006484,64.8164929635823,"151.241928","2019-07-10T13:22:43Z","492","Upland Game","user","SymbolAndNameSymbolAndName2019-07-10T13:22:43Z"
"491",-166.209728959948,64.8221299611032,"136.85475199999999","2019-07-10T13:50:55Z","493","Upland Game","user","SymbolAndNameSymbolAndName2019-07-10T13:50:55Z"
"492",-166.221492961049,64.8169819638133,"134.89344800000001","2019-07-10T14:18:36Z","494","Upland Game","user","SymbolAndNameSymbolAndName2019-07-10T14:18:36Z"
"493",-166.210689023137,64.8113690223545,"126.507614","2019-07-10T14:44:27Z","495","Upland Game","user","SymbolAndNameSymbolAndName2019-07-10T14:44:27Z"
"494",-166.199996983632,64.8057610262185,"146.83496099999999","2019-07-10T15:12:49Z","496","Upland Game","user","SymbolAndNameSymbolAndName2019-07-10T15:12:49Z"
"495",-166.18924501352,64.8001260403544,"190.95674099999999","2019-07-10T15:41:46Z","497","Upland Game","user","SymbolAndNameSymbolAndName2019-07-10T15:41:46Z"
"496",-166.177430972457,64.8053440265357,"251.71404999999999","2019-07-10T16:11:51Z","498","Upland Game","user","SymbolAndNameSymbolAndName2019-07-10T16:11:51Z"
"497",-166.188432974741,64.8110199999064,"193.22198499999999","2019-07-10T16:39:12Z","499","Upland Game","user","SymbolAndNameSymbolAndName2019-07-10T16:39:12Z"
"498",-166.186066009104,64.8120499681681,"198.54457099999999","2019-07-10T17:18:25Z","500","Upland Game","user","SymbolAndNameSymbolAndName2019-07-10T17:18:25Z"
"499",-166.176504017785,64.8160170391202,"212.044556","2019-07-10T17:29:40Z","501","Upland Game","user","SymbolAndNameSymbolAndName2019-07-10T17:29:40Z"
"500",-166.131453970447,65.0521640013903,"213.26496900000001","2019-07-11T12:56:42Z","502","Upland Game","user","SymbolAndNameSymbolAndName2019-07-11T12:56:42Z"
"501",-166.120559005067,65.046480987221,"165.46705600000001","2019-07-11T13:26:49Z","503","Upland Game","user","SymbolAndNameSymbolAndName2019-07-11T13:26:49Z"
"502",-166.10894696787,65.0515829678625,"189.13853499999999","2019-07-11T13:57:41Z","504","Upland Game","user","SymbolAndNameSymbolAndName2019-07-11T13:57:41Z"
"503",-166.100635975599,65.0479059945792,"109.629074","2019-07-11T14:25:03Z","505","Upland Game","user","SymbolAndNameSymbolAndName2019-07-11T14:25:03Z"
"504",-166.097553027794,65.0568919815123,"175.45062300000001","2019-07-11T14:55:36Z","506","Upland Game","user","SymbolAndNameSymbolAndName2019-07-11T14:55:36Z"
"505",-166.107849022374,65.0623340159655,"259.898438","2019-07-11T15:26:25Z","507","Upland Game","user","SymbolAndNameSymbolAndName2019-07-11T15:26:25Z"
"506",-166.11963598989,65.0571649800986,"269.94833399999999","2019-07-11T15:50:58Z","508","Upland Game","user","SymbolAndNameSymbolAndName2019-07-11T15:50:58Z"
"507",-166.118826968595,65.0670879799873,"219.19288599999999","2019-07-11T16:22:18Z","509","Upland Game","user","SymbolAndNameSymbolAndName2019-07-11T16:22:18Z"
"508",-166.130544031039,65.0627650134265,"230.096451","2019-07-11T16:48:00Z","510","Upland Game","user","SymbolAndNameSymbolAndName2019-07-11T16:48:00Z"
"509",-166.141402032226,65.0576379708946,"217.313141","2019-07-11T17:11:41Z","511","Upland Game","user","SymbolAndNameSymbolAndName2019-07-11T17:11:41Z"
"510",-164.73708297126,65.4228499811143,"224.53727699999999","2019-07-13T12:53:43Z","512","Upland Game","user","SymbolAndNameSymbolAndName2019-07-13T12:53:43Z"
"511",-164.749334966764,65.4177350085229,"168.79776000000001","2019-07-13T13:26:57Z","513","Upland Game","user","SymbolAndNameSymbolAndName2019-07-13T13:26:57Z"
"512",-164.761165017262,65.4126659687608,"187.05157500000001","2019-07-13T14:07:18Z","514","Upland Game","user","SymbolAndNameSymbolAndName2019-07-13T14:07:18Z"
"513",-164.773192964494,65.4076019581407,"185.49823000000001","2019-07-13T14:43:16Z","515","Upland Game","user","SymbolAndNameSymbolAndName2019-07-13T14:43:16Z"
"514",-164.784808019176,65.4135429672897,"212.00003100000001","2019-07-13T15:25:15Z","516","Upland Game","user","SymbolAndNameSymbolAndName2019-07-13T15:25:15Z"
"515",-164.771790001541,65.4184020403773,"190.182571","2019-07-13T16:03:16Z","517","Upland Game","user","SymbolAndNameSymbolAndName2019-07-13T16:03:16Z"
"516",-164.759725006297,65.423576021567,"228.80595400000001","2019-07-13T16:37:54Z","518","Upland Game","user","SymbolAndNameSymbolAndName2019-07-13T16:37:54Z"
"517",-164.714992968366,64.9532289616764,"124.47024500000001","2019-07-14T12:59:05Z","519","Upland Game","user","SymbolAndNameSymbolAndName2019-07-14T12:59:05Z"
"518",-164.706978024915,64.9459030106664,"231.17163099999999","2019-07-14T13:41:32Z","520","Upland Game","user","SymbolAndNameSymbolAndName2019-07-14T13:41:32Z"
"519",-164.694900037721,64.9508039932698,"152.301132","2019-07-14T14:08:33Z","521","Upland Game","user","SymbolAndNameSymbolAndName2019-07-14T14:08:33Z"
"520",-164.690311029553,64.9467130377889,"144.16966199999999","2019-07-14T14:33:37Z","522","Upland Game","user","SymbolAndNameSymbolAndName2019-07-14T14:33:37Z"
"521",-164.68419902958,64.9451850168407,"139.98706100000001","2019-07-14T14:40:07Z","523","Upland Game","user","SymbolAndNameSymbolAndName2019-07-14T14:40:07Z"
"522",-164.694034019485,64.9416060280055,"209.685822","2019-07-14T15:15:01Z","524","Upland Game","user","SymbolAndNameSymbolAndName2019-07-14T15:15:01Z"
"523",-164.695400018245,64.9411769583821,"212.77435299999999","2019-07-14T15:18:08Z","525","Upland Game","user","SymbolAndNameSymbolAndName2019-07-14T15:18:08Z"
"524",-164.696213984862,64.9401360098273,"236.245743","2019-07-14T15:22:10Z","526","Upland Game","user","SymbolAndNameSymbolAndName2019-07-14T15:22:10Z"
"525",-164.701214041561,64.9382339883596,"343.26370200000002","2019-07-14T15:46:17Z","527","Upland Game","user","SymbolAndNameSymbolAndName2019-07-14T15:46:17Z"
"526",-164.705584030598,64.9367870204151,"333.16195699999997","2019-07-14T15:52:40Z","528","Upland Game","user","SymbolAndNameSymbolAndName2019-07-14T15:52:40Z"
"527",-164.707225961611,64.9360840301961,"310.55105600000002","2019-07-14T15:55:42Z","529","Upland Game","user","SymbolAndNameSymbolAndName2019-07-14T15:55:42Z"
"528",-164.708087034523,64.9356279708445,"293.98367300000001","2019-07-14T15:57:31Z","530","Upland Game","user","SymbolAndNameSymbolAndName2019-07-14T15:57:31Z"
"529",-164.708533035591,64.9354559741914,"288.03100599999999","2019-07-14T15:59:04Z","531","Upland Game","user","SymbolAndNameSymbolAndName2019-07-14T15:59:04Z"
"530",-164.712398014963,64.9340629857033,"245.686768","2019-07-14T16:23:25Z","532","Upland Game","user","SymbolAndNameSymbolAndName2019-07-14T16:23:25Z"
"531",-164.714280003682,64.9333599954844,"222.502487","2019-07-14T16:26:00Z","533","Upland Game","user","SymbolAndNameSymbolAndName2019-07-14T16:26:00Z"
"532",-164.720143983141,64.9300229921937,"196.11085499999999","2019-07-14T16:35:25Z","534","Upland Game","user","SymbolAndNameSymbolAndName2019-07-14T16:35:25Z"
"533",-164.728192035109,64.9360039830208,"219.82742300000001","2019-07-14T17:04:09Z","535","Upland Game","user","SymbolAndNameSymbolAndName2019-07-14T17:04:09Z"
"534",-164.730091961101,64.9357960280031,"210.536743","2019-07-14T17:05:40Z","536","Upland Game","user","SymbolAndNameSymbolAndName2019-07-14T17:05:40Z"
"535",-164.741293033585,64.9414109811187,"139.905563","2019-07-14T17:35:19Z","537","Upland Game","user","SymbolAndNameSymbolAndName2019-07-14T17:35:19Z"
"536",-164.729372039437,64.9464719742537,"143.21639999999999","2019-07-14T18:04:25Z","538","Upland Game","user","SymbolAndNameSymbolAndName2019-07-14T18:04:25Z"
"537",-166.306405998766,64.9964390136302,"299.32427999999999","2019-07-16T12:42:14Z","539","Upland Game","user","SymbolAndNameSymbolAndName2019-07-16T12:42:14Z"
"538",-166.317299958318,65.0020669586957,"253.39181500000001","2019-07-16T13:07:02Z","540","Upland Game","user","SymbolAndNameSymbolAndName2019-07-16T13:07:02Z"
"539",-166.328030973673,65.0077020283788,"232.650711","2019-07-16T13:31:24Z","541","Upland Game","user","SymbolAndNameSymbolAndName2019-07-16T13:31:24Z"
"540",-166.31637702696,65.0129149854183,"199.71206699999999","2019-07-16T13:54:25Z","542","Upland Game","user","SymbolAndNameSymbolAndName2019-07-16T13:54:25Z"
"541",-166.327032018453,65.0184389948845,"249.05573999999999","2019-07-16T14:20:04Z","543","Upland Game","user","SymbolAndNameSymbolAndName2019-07-16T14:20:04Z"
"542",-166.337881973013,65.024067023769,"303.71487400000001","2019-07-16T14:45:47Z","544","Upland Game","user","SymbolAndNameSymbolAndName2019-07-16T14:45:47Z"
"543",-166.339046973735,65.0180840212852,"279.76480099999998","2019-07-16T15:07:56Z","545","Upland Game","user","SymbolAndNameSymbolAndName2019-07-16T15:07:56Z"
"544",-166.338719995692,65.0132680311799,"249.58427399999999","2019-07-16T15:15:38Z","546","Upland Game","user","SymbolAndNameSymbolAndName2019-07-16T15:15:38Z"
"545",-166.350638978183,65.0081290025264,"219.80458100000001","2019-07-16T15:37:21Z","547","Upland Game","user","SymbolAndNameSymbolAndName2019-07-16T15:37:21Z"
"546",-166.339734038338,65.0025260355324,"217.84255999999999","2019-07-16T16:01:31Z","548","Upland Game","user","SymbolAndNameSymbolAndName2019-07-16T16:01:31Z"
"547",-166.328924987465,64.9969030357897,"237.47318999999999","2019-07-16T16:28:11Z","549","Upland Game","user","SymbolAndNameSymbolAndName2019-07-16T16:28:11Z"
"548",-165.114747975022,64.4577330071479,"10.772308000000001","2019-07-17T12:56:45Z","550","Upland Game","user","SymbolAndNameSymbolAndName2019-07-17T12:56:45Z"
"549",-165.103278011084,64.4627140369266,"23.316783999999998","2019-07-17T13:21:40Z","551","Upland Game","user","SymbolAndNameSymbolAndName2019-07-17T13:21:40Z"
"550",-165.091473022476,64.4677659776062,"29.228947000000002","2019-07-17T13:55:34Z","552","Upland Game","user","SymbolAndNameSymbolAndName2019-07-17T13:55:34Z"
"551",-165.101979989558,64.4734140392393,"24.246265000000001","2019-07-17T14:30:14Z","553","Upland Game","user","SymbolAndNameSymbolAndName2019-07-17T14:30:14Z"
"552",-165.090175000951,64.4784420076758,"23.594275","2019-07-17T14:59:40Z","554","Upland Game","user","SymbolAndNameSymbolAndName2019-07-17T14:59:40Z"
"553",-165.079597039148,64.4729869812727,"54.189979999999998","2019-07-17T15:29:13Z","555","Upland Game","user","SymbolAndNameSymbolAndName2019-07-17T15:29:13Z"
"554",-165.074787000194,64.4710700400174,"74.219688000000005","2019-07-17T15:51:20Z","556","Upland Game","user","SymbolAndNameSymbolAndName2019-07-17T15:51:20Z"
"555",-165.069142039865,64.467133982107,"67.948700000000002","2019-07-17T16:04:38Z","557","Upland Game","user","SymbolAndNameSymbolAndName2019-07-17T16:04:38Z"
"556",-165.080996984616,64.4621009845287,"29.155777","2019-07-17T16:37:08Z","558","Upland Game","user","SymbolAndNameSymbolAndName2019-07-17T16:37:08Z"
"557",-165.092770038173,64.4570679869503,"26.550429999999999","2019-07-17T17:02:58Z","559","Upland Game","user","SymbolAndNameSymbolAndName2019-07-17T17:02:58Z"
"558",-165.104133971035,64.452503034845,"4.326276","2019-07-17T17:30:30Z","560","Upland Game","user","SymbolAndNameSymbolAndName2019-07-17T17:30:30Z"
"559",-164.706366984174,65.037518972531,"146.607956","2019-07-18T12:55:27Z","561","Upland Game","user","SymbolAndNameSymbolAndName2019-07-18T12:55:27Z"
"560",-164.694460993633,65.0425679795444,"84.145972999999998","2019-07-18T13:19:01Z","562","Upland Game","user","SymbolAndNameSymbolAndName2019-07-18T13:19:01Z"
"561",-164.683729978278,65.0368549581617,"89.014037999999999","2019-07-18T13:45:28Z","563","Upland Game","user","SymbolAndNameSymbolAndName2019-07-18T13:45:28Z"
"562",-164.695796985179,65.0317819789052,"139.27767900000001","2019-07-18T14:15:43Z","564","Upland Game","user","SymbolAndNameSymbolAndName2019-07-18T14:15:43Z"
"563",-164.707748992369,65.0267820060253,"200.21594200000001","2019-07-18T14:43:57Z","565","Upland Game","user","SymbolAndNameSymbolAndName2019-07-18T14:43:57Z"
"564",-164.719230020419,65.0219210051,"155.018372","2019-07-18T15:13:32Z","566","Upland Game","user","SymbolAndNameSymbolAndName2019-07-18T15:13:32Z"
"565",-164.728721017018,65.0173200108111,"287.01721199999997","2019-07-18T15:51:24Z","567","Upland Game","user","SymbolAndNameSymbolAndName2019-07-18T15:51:24Z"
"566",-164.731683013961,65.0166369695216,"342.88736","2019-07-18T15:57:37Z","568","Upland Game","user","SymbolAndNameSymbolAndName2019-07-18T15:57:37Z"
"567",-164.741523033008,65.0135609786958,"471.49737499999998","2019-07-18T16:27:57Z","569","Upland Game","user","SymbolAndNameSymbolAndName2019-07-18T16:27:57Z"
"568",-164.744040034711,65.012493962422,"501.01406900000001","2019-07-18T16:31:54Z","570","Upland Game","user","SymbolAndNameSymbolAndName2019-07-18T16:31:54Z"
"569",-164.755704961717,65.0065599940717,"413.90505999999999","2019-07-18T16:58:46Z","571","Upland Game","user","SymbolAndNameSymbolAndName2019-07-18T16:58:46Z"
"570",-165.31983403489,64.6238609869033,"109.659622","2019-07-19T12:53:12Z","572","Upland Game","user","SymbolAndNameSymbolAndName2019-07-19T12:53:12Z"
"571",-165.331642040983,64.6187880076468,"133.84948700000001","2019-07-19T13:25:12Z","573","Upland Game","user","SymbolAndNameSymbolAndName2019-07-19T13:25:12Z"
"572",-165.343289030716,64.6139629650861,"119.319008","2019-07-19T14:02:09Z","574","Upland Game","user","SymbolAndNameSymbolAndName2019-07-19T14:02:09Z"
"573",-165.355243971571,64.6086899936199,"88.603294000000005","2019-07-19T14:30:43Z","575","Upland Game","user","SymbolAndNameSymbolAndName2019-07-19T14:30:43Z"
"574",-165.367020964622,64.60354199633,"111.69116200000001","2019-07-19T15:01:08Z","576","Upland Game","user","SymbolAndNameSymbolAndName2019-07-19T15:01:08Z"
"575",-165.356112001464,64.5983110181987,"206.03836100000001","2019-07-19T15:32:25Z","577","Upland Game","user","SymbolAndNameSymbolAndName2019-07-19T15:32:25Z"
"576",-165.343856988475,64.6024970244616,"175.046539","2019-07-19T16:05:57Z","578","Upland Game","user","SymbolAndNameSymbolAndName2019-07-19T16:05:57Z"
"577",-165.33313896507,64.6082129795104,"178.892776","2019-07-19T16:30:35Z","579","Upland Game","user","SymbolAndNameSymbolAndName2019-07-19T16:30:35Z"
"578",-165.320958970115,64.6132049895823,"91.006362999999993","2019-07-19T16:55:04Z","580","Upland Game","user","SymbolAndNameSymbolAndName2019-07-19T16:55:04Z"
"579",-164.30355601944,64.658877979964,"38.788929000000003","2019-07-22T12:46:37Z","581","Upland Game","user","SymbolAndNameSymbolAndName2019-07-22T12:46:37Z"
"580",-164.292932962999,64.6641780249774,"113.08532700000001","2019-07-22T13:15:13Z","582","Upland Game","user","SymbolAndNameSymbolAndName2019-07-22T13:15:13Z"
"581",-164.292782004923,64.6644350141287,"112.90778400000001","2019-07-22T13:16:24Z","583","Upland Game","user","SymbolAndNameSymbolAndName2019-07-22T13:16:24Z"
"582",-164.282624982297,64.6586069930345,"126.116844","2019-07-22T13:44:56Z","584","Upland Game","user","SymbolAndNameSymbolAndName2019-07-22T13:44:56Z"
"583",-164.27216000855,64.6529079694301,"55.49342","2019-07-22T14:29:24Z","585","Upland Game","user","SymbolAndNameSymbolAndName2019-07-22T14:29:24Z"
"584",-164.284043032676,64.6479039732367,"140.896545","2019-07-22T14:55:21Z","586","Upland Game","user","SymbolAndNameSymbolAndName2019-07-22T14:55:21Z"
"585",-164.273490970954,64.6422249823809,"242.996216","2019-07-22T15:23:12Z","587","Upland Game","user","SymbolAndNameSymbolAndName2019-07-22T15:23:12Z"
"586",-164.285537023097,64.6372189745307,"246.27562","2019-07-22T15:48:58Z","588","Upland Game","user","SymbolAndNameSymbolAndName2019-07-22T15:48:58Z"
"587",-164.296403992921,64.6429569739848,"79.373504999999994","2019-07-22T16:14:48Z","589","Upland Game","user","SymbolAndNameSymbolAndName2019-07-22T16:14:48Z"
"588",-164.30654601194,64.648629007861,"68.020294000000007","2019-07-22T16:42:41Z","590","Upland Game","user","SymbolAndNameSymbolAndName2019-07-22T16:42:41Z"
"589",-164.294022023678,64.6536309923977,"56.149951999999999","2019-07-22T17:15:57Z","591","Upland Game","user","SymbolAndNameSymbolAndName2019-07-22T17:15:57Z"
"590",-166.147890966386,64.8799820244312,"199.47650100000001","2019-07-23T12:45:43Z","592","Upland Game","user","SymbolAndNameSymbolAndName2019-07-23T12:45:43Z"
"591",-166.15969100967,64.8748269863427,"165.51812699999999","2019-07-23T13:14:43Z","593","Upland Game","user","SymbolAndNameSymbolAndName2019-07-23T13:14:43Z"
"592",-166.149003999308,64.8692339938134,"181.28323399999999","2019-07-23T13:45:49Z","594","Upland Game","user","SymbolAndNameSymbolAndName2019-07-23T13:45:49Z"
"593",-166.155501985922,64.8671469837427,"167.705353","2019-07-23T14:09:30Z","595","Upland Game","user","SymbolAndNameSymbolAndName2019-07-23T14:09:30Z"
"594",-166.16090898402,64.8641350306571,"158.18147300000001","2019-07-23T14:18:51Z","596","Upland Game","user","SymbolAndNameSymbolAndName2019-07-23T14:18:51Z"
"595",-166.171390973032,64.8697759676725,"153.47663900000001","2019-07-23T14:48:23Z","597","Upland Game","user","SymbolAndNameSymbolAndName2019-07-23T14:48:23Z"
"596",-166.182208992541,64.8753490112722,"133.988586","2019-07-23T15:17:09Z","598","Upland Game","user","SymbolAndNameSymbolAndName2019-07-23T15:17:09Z"
"597",-166.188680995256,64.8782990220934,"140.52804599999999","2019-07-23T15:43:40Z","599","Upland Game","user","SymbolAndNameSymbolAndName2019-07-23T15:43:40Z"
"598",-165.306781986728,64.6395730320364,"64.064079000000007","2019-05-11T14:17:36Z","6","Upland Game","user","SymbolAndNameSymbolAndName2019-05-11T14:17:36Z"
"599",-166.19298895821,64.8809109907597,"143.36689799999999","2019-07-23T15:53:32Z","600","Upland Game","user","SymbolAndNameSymbolAndName2019-07-23T15:53:32Z"
"600",-166.181095037609,64.8860380332917,"165.940247","2019-07-23T16:17:34Z","601","Upland Game","user","SymbolAndNameSymbolAndName2019-07-23T16:17:34Z"
"601",-166.170485978946,64.880457026884,"162.17363","2019-07-23T16:41:42Z","602","Upland Game","user","SymbolAndNameSymbolAndName2019-07-23T16:41:42Z"
"602",-166.158609995618,64.885599995032,"211.60806299999999","2019-07-23T17:06:46Z","603","Upland Game","user","SymbolAndNameSymbolAndName2019-07-23T17:06:46Z"
"603",-166.154602020979,64.8828219808638,"205.446991","2019-07-23T17:24:28Z","604","Upland Game","user","SymbolAndNameSymbolAndName2019-07-23T17:24:28Z"
"604",-164.714108007029,64.9576240126044,"86.455734000000007","2019-07-29T23:32:08Z","605","Upland Game","user","SymbolAndNameSymbolAndName2019-07-29T23:32:08Z"
"605",-165.272662024945,64.6440690010786,"66.043464999999998","2019-05-11T17:16:29Z","7","Upland Game","user","SymbolAndNameSymbolAndName2019-05-11T17:16:29Z"
"606",-165.294581037015,64.6446200273931,"42.481838000000003","2019-05-11T16:01:22Z","8","Upland Game","user","SymbolAndNameSymbolAndName2019-05-11T16:01:22Z"
"607",-164.733433993533,65.4303960409015,"250.72515899999999","2019-07-13T12:35:41Z","ATV","Upland Game","user","SymbolAndNameSymbolAndName2019-07-13T12:35:41Z"
"608",-165.245673973113,64.5692119840533,"9.124306000000001","2019-06-17T12:02:41Z","BOAT","Upland Game","user","SymbolAndNameSymbolAndName2019-06-17T12:02:41Z"
"609",-165.325631964952,64.879251960665,"343.23642000000001","2019-07-06T01:48:19Z","CAMP","Upland Game","user","SymbolAndNameSymbolAndName2019-07-06T01:48:19Z"
"610",-166.2913980335,64.9822580069304,"226.02629099999999","2019-07-16T12:15:10Z","CAMP1","Upland Game","user","SymbolAndNameSymbolAndName2019-07-16T12:15:10Z"
"611",-164.04152800329,64.7435640357435,"502.315155","2019-06-28T12:07:00Z","GYR?","Upland Game","user","SymbolAndNameSymbolAndName2019-06-28T12:07:00Z"
"612",-164.269730011001,64.6634239889681,"94.374709999999993","2019-06-05T13:23:35Z","HARE","Upland Game","user","SymbolAndNameSymbolAndName2019-06-05T13:23:35Z"
"613",-165.401471005753,64.507891992107,"6.741692","2019-05-08T15:13:08Z","PT12ALT","Upland Game","user","SymbolAndNameSymbolAndName2019-05-08T15:13:08Z"
"614",-165.376684963703,64.5179819595069,"36.013767000000001","2019-05-08T14:27:03Z","PT20ALT","Upland Game","user","SymbolAndNameSymbolAndName2019-05-08T14:27:03Z"
"615",-165.376426968724,64.4981050305068,"10.272402","2019-05-08T16:11:00Z","PT4ALT","Upland Game","user","SymbolAndNameSymbolAndName2019-05-08T16:11:00Z"
"616",-165.387565009296,64.5020900387317,"11.563751999999999","2019-05-08T15:41:26Z","PT8ALT","Upland Game","user","SymbolAndNameSymbolAndName2019-05-08T15:41:26Z"
"617",-164.664733987302,65.0790639594197,"31.096481000000001","2019-07-29T19:30:42Z","PULLOUT","Upland Game","user","SymbolAndNameSymbolAndName2019-07-29T19:30:42Z"
"618",-164.776557963341,65.436858991161,"254.21244799999999","2019-06-03T14:09:10Z","RACK","Upland Game","user","SymbolAndNameSymbolAndName2019-06-03T14:09:10Z"
"619",-165.268408963457,64.6644360199571,"168.026321","2019-05-10T16:02:14Z","ROPT","Upland Game","user","SymbolAndNameSymbolAndName2019-05-10T16:02:14Z"
"620",-163.819800009951,64.7622560150921,"102.616356","2019-06-11T01:58:49Z","ROUTE","Upland Game","user","SymbolAndNameSymbolAndName2019-06-11T01:58:49Z"
"621",-164.745590016246,65.4417380131781,"282.40228300000001","2019-06-03T12:24:38Z","TENT","Upland Game","user","SymbolAndNameSymbolAndName2019-06-03T12:24:38Z"
"622",-165.299430973828,64.8768050316721,"267.88775600000002","2019-07-06T00:55:00Z","TRAVIS","Upland Game","user","SymbolAndNameSymbolAndName2019-07-06T00:55:00Z"
"623",-165.274854982272,64.6525659877807,"59.32058","2019-05-10T17:16:05Z","WIPT1","Upland Game","user","SymbolAndNameSymbolAndName2019-05-10T17:16:05Z"
"624",-165.306834038347,64.6391000412405,"66.478522999999996","2019-05-11T14:14:16Z","WIPT11","Upland Game","user","SymbolAndNameSymbolAndName2019-05-11T14:14:16Z"
"625",-165.278296004981,64.6511399745941,"29.732991999999999","2019-05-11T19:32:59Z","WIPT2","Upland Game","user","SymbolAndNameSymbolAndName2019-05-11T19:32:59Z"
