"","id","Tundra","Low_Shrub","Bare_Ground","Tall_Shrub_Forest","Wetlands"
"1","KOUG_4_6_13",0.0249554367201426,0.0606060606060606,0.0249554367201426,0.771836007130125,0.0588235294117647
"2","KOUG_4_6_18",0.01985559566787,0.306859205776173,0,0.561371841155235,0.0451263537906137
"3","KOUG_4_6_29",0.0894454382826476,0.618962432915921,0.0161001788908766,0.275491949910555,0
"4","KOUG_4_6_24",0.344703770197487,0.29443447037702,0.0161579892280072,0.217235188509874,0.0107719928186715
"5","KOUG_4_6_32",0,0.053475935828877,0,0.946524064171123,0
"6","KOUG_4_6_34",0.0106761565836299,0.286476868327402,0,0.702846975088968,0
"7","KOUG_4_6_31",0,0.875,0,0.125,0
"8","KOUG_4_6_28",0,0.354723707664884,0,0.645276292335116,0
"9","KOUG_4_6_23",0.0949820788530466,0.57168458781362,0.0232974910394265,0.310035842293907,0
"10","TELL_4_4_12",0.297491039426523,0.593189964157706,0,0.0501792114695341,0
"11","TELL_4_4_8",0.146167557932264,0.46524064171123,0,0.388591800356506,0
"12","TELL_4_4_4",0.252707581227437,0.0992779783393502,0,0.648014440433213,0
"13","TELL_4_4_9",0.693140794223827,0.259927797833935,0,0.0469314079422383,0
"14","TELL_4_4_14",0.459893048128342,0.418894830659537,0,0.121212121212121,0
"15","TELL_4_4_18",0.108303249097473,0.32129963898917,0,0.570397111913357,0
"16","TELL_4_4_21",0.306595365418895,0.377896613190731,0,0.265597147950089,0
"17","TELL_4_4_24",0.336917562724014,0.492831541218638,0,0.170250896057348,0
"18","TELL_4_4_26",0.307142857142857,0.621428571428571,0,0.0714285714285714,0
"19","TELL_4_4_23",0.431372549019608,0.301247771836007,0,0.263814616755793,0
"20","COUN_3_12_1",0,0.0625,0.0446428571428571,0.728571428571429,0.0964285714285714
"21","COUN _3_12_4",0.0161001788908766,0.0966010733452594,0.0805008944543828,0.796064400715564,0.0107334525939177
"22","COUN_3_12_7",0.0788530465949821,0.00537634408602151,0,0.915770609318996,0
"23","COUN_3_12_9",0.162790697674419,0.189624329159213,0.0250447227191413,0.602862254025045,0.0196779964221825
"24","COUN_3_12_11",0.503571428571429,0.232142857142857,0.00178571428571429,0.2625,0
"25","COUN_3_12_13",0.295698924731183,0.494623655913978,0.10752688172043,0.102150537634409,0
"26","COUN_3_12_10",0.239208633093525,0.194244604316547,0.212230215827338,0.35431654676259,0
"27","COUN_3_12_8",0.37567084078712,0.300536672629696,0.130590339892665,0.193202146690519,0
"28","COUN_3_12_6",0.283662477558348,0.565529622980251,0,0.1508078994614,0
"29","KOUG_4_21_5",0.230496453900709,0.549645390070922,0,0.154255319148936,0
"30","KOUG_4_21_8",0.164579606440072,0.835420393559928,0,0,0
"31","KOUG_4_21_12",0.024822695035461,0.966312056737589,0.00886524822695036,0,0
"32","KOUG_4_21_15",0.236462093862816,0.763537906137184,0,0,0
"33","KOUG_4_21_18",0.114081996434938,0.843137254901961,0.0427807486631016,0,0
"34","KOUG_4_21_22",0.0374331550802139,0.786096256684492,0.176470588235294,0,0
"35","KOUG_4_21_17",0.0017921146953405,0.967741935483871,0.0304659498207885,0,0
"36","KOUG_4_21_21",0.00902527075812274,0.978339350180505,0.0126353790613718,0,0
"37","KOUG_4_21_26",0,0.973262032085562,0.0267379679144385,0,0
"38","KOUG_4_21_20",0.017921146953405,0.971326164874552,0,0.010752688172043,0
"39","KOUG_4_21_16",0.0759493670886076,0.924050632911392,0,0,0
"40","KOUG_4_21_14",0.164285714285714,0.753571428571429,0.00357142857142857,0.0428571428571429,0
"41","COUN_5_12_1",0.117328519855596,0.362815884476534,0.0703971119133574,0.11913357400722,0.270758122743682
"42","COUN_5_12_2",0.102702702702703,0.412612612612613,0.0720720720720721,0.30990990990991,0.0522522522522522
"43","COUN_5_12_5",0.4375,0.416071428571429,0,0.105357142857143,0.0410714285714286
"44","COUN_5_12_9",0.345811051693405,0.442067736185383,0,0.172905525846702,0.0392156862745098
"45","COUN_5_12_14",0.576785714285714,0.310714285714286,0,0.0928571428571429,0.0196428571428571
"46","COUN_5_12_10",0.382978723404255,0.530141843971631,0,0.0868794326241135,0
"47","COUN_5_12_7",0.036036036036036,0.493693693693694,0,0.403603603603604,0
"48","COUN_4_10_10",0.35650623885918,0.502673796791444,0.0017825311942959,0.13903743315508,0
"49","COUN_4_10_15",0.0716845878136201,0.629032258064516,0,0.299283154121864,0
"50","COUN_4_10_11",0.263814616755793,0.270944741532977,0,0.46524064171123,0
"51","COUN_4_10_16",0.0483870967741935,0.335125448028674,0,0.616487455197133,0
"52","COUN_4_10_12",0.245931283905967,0.540687160940326,0,0.213381555153707,0
"53","COUN_4_10_8",0.0909090909090909,0.0819964349376114,0,0.827094474153298,0
"54","COUN_4_10_4",0.196428571428571,0.367857142857143,0,0.435714285714286,0
"55","COUN_4_10_7",0.196428571428571,0.15,0,0.653571428571429,0
"56","COUN_4_10_6",0.193950177935943,0.379003558718861,0,0.427046263345196,0
"57","TELL_5_23_2",0.258467023172906,0.659536541889483,0,0.0819964349376114,0
"58","TELL_5_23_4",0.0752688172043011,0.881720430107527,0,0.043010752688172,0
"59","TELL_5_23_6",0.028673835125448,0.92831541218638,0.003584229390681,0.039426523297491,0
"60","TELL_5_23_10",0.284436493738819,0.635062611806798,0.0339892665474061,0.0465116279069767,0
"61","TELL_5_23_14",0.0355871886120996,0.895017793594306,0.0427046263345196,0.0266903914590747,0
"62","TELL_5_23_11",0.113513513513514,0.673873873873874,0.0108108108108108,0.201801801801802,0
"63","TELL_5_23_8",0.138790035587189,0.153024911032028,0,0.708185053380783,0
"64","TELL_5_23_5",0.00720720720720721,0.0684684684684685,0,0.924324324324324,0
"65","TELL_5_23_3",0.468694096601073,0.200357781753131,0,0.330948121645796,0
"66","TELL_5_23_1",0.0756756756756757,0.0990990990990991,0,0.825225225225225,0
"67","TELL_3_1_1",0.446043165467626,0.462230215827338,0.00359712230215827,0.0305755395683453,0.00359712230215827
"68","TELL_3_1_5",0.351254480286738,0.648745519713262,0,0,0
"69","TELL_3_1_9",0.160142348754448,0.839857651245552,0,0,0
"70","TELL_3_1_13",0.285198555956679,0.714801444043321,0,0,0
"71","TELL_3_1_16",0.246846846846847,0.753153153153153,0,0,0
"72","TELL_3_1_20",0.389189189189189,0.610810810810811,0,0,0
"73","TELL_3_1_17",0.307692307692308,0.681574239713775,0,0.0107334525939177,0
"74","TELL_3_1_21",0.306306306306306,0.659459459459459,0.0342342342342342,0,0
"75","TELL_3_1_18",0.237076648841355,0.762923351158645,0,0,0
"76","TELL_3_1_14",0.0591397849462366,0.940860215053763,0,0,0
"77","TELL_3_1_10",0.181818181818182,0.741532976827095,0,0.0320855614973262,0
"78","COUN_4_14_23",0.646209386281588,0.294223826714801,0,0.0523465703971119,0.0072202166064982
"79","COUN_4_14_25",0.483870967741935,0.258064516129032,0,0.003584229390681,0.254480286738351
"80","COUN_4_14_24",0.561371841155235,0.355595667870036,0,0.0270758122743682,0.055956678700361
"81","COUN_4_14_21",0.727109515260323,0.272890484739677,0,0,0
"82","COUN_4_14_18",0.658886894075404,0.33572710951526,0,0.00538599640933573,0
"83","COUN_4_14_15",0.590339892665474,0.286225402504472,0,0.035778175313059,0.0876565295169946
"84","COUN_4_14_11",0.237076648841355,0.720142602495544,0,0.0249554367201426,0.017825311942959
"85","COUN_4_14_14",0.191071428571429,0.680357142857143,0,0.05,0.0785714285714286
"86","COUN_4_14_17",0.629963898916967,0.366425992779783,0,0,0.0036101083032491
"87","COUN_4_14_20",0.183123877917415,0.70197486535009,0,0.0951526032315978,0.0197486535008977
"88","KOUG_3_20_3",0,0.185383244206774,0.0053475935828877,0.807486631016043,0.0017825311942959
"89","KOUG_3_20_6",0,0.292114695340502,0,0.693548387096774,0.014336917562724
"90","KOUG_3_20_9",0.0464285714285714,0.35,0,0.594642857142857,0.00892857142857143
"91","KOUG_3_20_13",0.032258064516129,0.311827956989247,0,0.655913978494624,0
"92","KOUG_3_20_17",0.0430879712746858,0.741472172351885,0.00179533213644524,0.213644524236984,0
"93","KOUG_3_20_20",0.096085409252669,0.830960854092527,0.0729537366548043,0,0
"94","KOUG_3_20_16",0.120071684587814,0.879928315412186,0,0,0
"95","KOUG_3_20_11",0.152329749103943,0.845878136200717,0,0.0017921146953405,0
"96","KOUG_3_20_8",0.0234657039711191,0.702166064981949,0,0.274368231046931,0
"97","KOUG_3_20_5",0.114285714285714,0.576785714285714,0,0.308928571428571,0
"98","TELL_4_18_21",0.747779751332149,0.252220248667851,0,0,0
"99","TELL_4_18_22",0.36036036036036,0.616216216216216,0,0.0234234234234234,0
"100","TELL_4_18_20",0.541071428571429,0.458928571428571,0,0,0
"101","TELL_4_18_18",0.50179211469534,0.498207885304659,0,0,0
"102","TELL_4_18_17",0.349462365591398,0.594982078853047,0,0.0555555555555556,0
"103","TELL_4_18_16",0.0858676207513417,0.715563506261181,0,0.198568872987478,0
"104","TELL_4_18_13",0,0.168173598553345,0,0.831826401446655,0
"105","TELL_4_18_15",0.246869409660107,0.470483005366726,0,0.282647584973166,0
"106","TELL_4_18_19",0.538324420677362,0.461675579322638,0,0,0
"107","TELL_2_22_14",0.740213523131673,0.183274021352313,0,0.0765124555160142,0
"108","TELL_2_22_12",0.64349376114082,0.308377896613191,0.0249554367201426,0.0231729055258467,0
"109","TELL_2_22_10",0.305357142857143,0.585714285714286,0.108928571428571,0,0
"110","TELL_2_22_11",0.0910714285714286,0.832142857142857,0.0767857142857143,0,0
"111","TELL_2_22_13",0.590252707581227,0.229241877256318,0.0613718411552347,0.11913357400722,0
"112","TELL_2_22_15",0.551601423487544,0.346975088967972,0.0480427046263345,0.0533807829181495,0
"113","TELL_2_22_17",0.468354430379747,0.479204339963834,0,0.0524412296564195,0
"114","TELL_2_22_19",0.675,0.160714285714286,0.0607142857142857,0.0714285714285714,0.0321428571428571
"115","TELL_2_22_18",0.582437275985663,0.302867383512545,0.0752688172043011,0.0304659498207885,0.00896057347670251
"116","TELL_2_22_16",0.731182795698925,0.234767025089606,0.003584229390681,0.0304659498207885,0
"117","COUN_3_19_3",0.606822262118492,0.299820466786355,0,0.0933572710951526,0
"118","COUN_3_19_7",0.319642857142857,0.228571428571429,0,0.451785714285714,0
"119","COUN_3_19_11",0.24187725631769,0.40072202166065,0.01985559566787,0.337545126353791,0
"120","COUN_3_19_14",0.210053859964093,0.66786355475763,0,0.122082585278276,0
"121","COUN_3_19_17",0.0271739130434783,0.161231884057971,0,0.811594202898551,0
"122","COUN_3_19_19",0.0763765541740675,0.563055062166963,0,0.36056838365897,0
"123","COUN_3_19_16",0.23869801084991,0.622061482820977,0,0.139240506329114,0
"124","COUN_3_19_13",0.156583629893238,0.50711743772242,0,0.336298932384342,0
"125","COUN_3_19_10",0.245519713261649,0.697132616487455,0,0.0573476702508961,0
"126","COUN_3_19_6",0.206773618538324,0.281639928698752,0,0.511586452762923,0
"127","TELL_4_9_24",0.463587921847247,0.488454706927176,0,0.0479573712255773,0
"128","TELL_4_9_21",0.635379061371841,0.364620938628159,0,0,0
"129","TELL_4_9_18",0.554954954954955,0.445045045045045,0,0,0
"130","TELL_4_9_15",0.566844919786096,0.433155080213904,0,0,0
"131","TELL_4_9_12",0.180357142857143,0.819642857142857,0,0,0
"132","TELL_4_9_7",0.272563176895307,0.727436823104693,0,0,0
"133","TELL_4_9_3",0.495559502664298,0.504440497335702,0,0,0
"134","TELL_4_9_6",0.513368983957219,0.479500891265597,0,0.0071301247771836,0
"135","TELL_4_9_10",0.510869565217391,0.41304347826087,0,0.0489130434782609,0.0271739130434783
"136","TELL_4_9_17",0.464737793851718,0.535262206148282,0,0,0
"137","TELL_3_21_1",0.576576576576577,0.336936936936937,0,0.0126126126126126,0
"138","TELL_3_21_2",0.37251356238698,0.55877034358047,0,0,0.00180831826401447
"139","TELL_3_21_4",0.244206773618538,0.700534759358289,0,0,0
"140","TELL_3_21_6",0.54136690647482,0.45863309352518,0,0,0
"141","TELL_3_21_9",0.618538324420677,0.270944741532977,0.0944741532976827,0.0160427807486631,0
"142","TELL_3_21_8",0.355871886120996,0.638790035587189,0,0.00533807829181495,0
"143","TELL_3_21_10",0.53309481216458,0.261180679785331,0.159212880143113,0.0465116279069767,0
"144","TELL_3_21_7",0.642857142857143,0.301785714285714,0.0446428571428571,0.0107142857142857,0
"145","TELL_3_21_5",0.0913978494623656,0.768817204301075,0.139784946236559,0,0
"146","TELL_3_21_3",0.172905525846702,0.771836007130125,0.0392156862745098,0,0
"147","KOUG_1_3_17",0.501798561151079,0.246402877697842,0,0.242805755395683,0.00899280575539568
"148","KOUG_1_3_15",0.454706927175844,0.284191829484902,0,0.261101243339254,0
"149","KOUG_1_3_13",0.2375,0.45,0,0.3125,0
"150","KOUG_1_3_11",0.234875444839858,0.626334519572954,0,0.138790035587189,0
"151","KOUG_1_3_8",0.206773618538324,0.704099821746881,0,0.089126559714795,0
"152","KOUG_1_3_6",0.326126126126126,0.664864864864865,0,0.00900900900900901,0
"153","KOUG_1_3_3",0.0948121645796064,0.856887298747764,0,0.0483005366726297,0
"154","KOUG_1_3_5",0.196779964221825,0.765652951699463,0,0.037567084078712,0
"155","KOUG_1_3_7",0.0738738738738739,0.864864864864865,0,0.0612612612612613,0
"156","KOUG_1_3_10",0.0573476702508961,0.910394265232975,0,0.032258064516129,0
"157","KOUG_1_17_14",0.0854092526690391,0.679715302491103,0,0.170818505338078,0
"158","KOUG_1_17_11",0.117229129662522,0.776198934280639,0,0.0621669626998224,0
"159","KOUG_1_17_8",0.0234657039711191,0.832129963898917,0,0.144404332129964,0
"160","KOUG_1_17_5",0.043010752688172,0.946236559139785,0,0.010752688172043,0
"161","KOUG_1_17_2",0.0392156862745098,0.903743315508021,0,0.0071301247771836,0
"162","KOUG_1_17_4",0.0464285714285714,0.839285714285714,0,0.05,0
"163","KOUG_1_17_1",0.0035650623885918,0.889483065953654,0,0.106951871657754,0
"164","KOUG_1_17_3",0.0792792792792793,0.720720720720721,0,0.2,0
"165","KOUG_1_17_7",0.0469314079422383,0.740072202166065,0,0.194945848375451,0
"166","KOUG_1_17_10",0.0378378378378378,0.962162162162162,0,0,0
"167","COUN_3_10_18",0.317773788150808,0.231597845601436,0.296229802513465,0.125673249551167,0.0287253141831239
"168","COUN_3_10_14",0.184070796460177,0.251327433628319,0,0.564601769911504,0
"169","COUN_3_10_10",0.313167259786477,0.418149466192171,0.00177935943060498,0.263345195729537,0.00355871886120996
"170","COUN_3_10_13",0.261648745519713,0.270609318996416,0,0.467741935483871,0
"171","COUN_3_10_16",0.180357142857143,0.357142857142857,0,0.4625,0
"172","COUN_3_10_20",0.368983957219251,0.540106951871658,0,0.0909090909090909,0
"173","COUN_3_10_25",0.30990990990991,0.551351351351351,0,0.138738738738739,0
"174","COUN_3_10_29",0.114130434782609,0.231884057971014,0,0.653985507246377,0
"175","COUN_3_10_26",0.279359430604982,0.701067615658363,0,0.0195729537366548,0
"176","COUN_3_10_22",0.260397830018083,0.164556962025316,0,0.5750452079566,0
"177","TELL_1_19_4",0.0124555160142349,0.355871886120996,0,0.631672597864769,0
"178","TELL_1_19_7",0.0125223613595707,0.243291592128801,0,0.744186046511628,0
"179","TELL_1_19_12",0.0449640287769784,0.255395683453237,0,0.699640287769784,0
"180","TELL_1_19_17",0.103386809269162,0.759358288770054,0,0.137254901960784,0
"181","TELL_1_19_13",0.172101449275362,0.769927536231884,0,0.0579710144927536,0
"182","TELL_1_19_18",0.107913669064748,0.73021582733813,0,0.161870503597122,0
"183","TELL_1_19_21",0.112299465240642,0.415329768270945,0,0.472370766488414,0
"184","TELL_1_19_19",0.122302158273381,0.732014388489209,0,0.14568345323741,0
"185","TELL_1_19_14",0.0610412926391382,0.938958707360862,0,0,0
"186","TELL_1_19_9",0.136445242369838,0.752244165170557,0,0.111310592459605,0
"187","TELL_1_19_8",0.1875,0.291071428571429,0,0.521428571428571,0
"188","TELL_1_19_5",0,0.153429602888087,0,0.846570397111913,0
"189","TELL_1_6_5",0.344086021505376,0.442652329749104,0,0.21326164874552,0
"190","TELL_1_6_8",0.430879712746858,0.473967684021544,0,0.0951526032315979,0
"191","TELL_1_6_11",0.141831238779174,0.258527827648115,0,0.599640933572711,0
"192","TELL_1_6_14",0.073345259391771,0.858676207513417,0,0.0679785330948122,0
"193","TELL_1_6_12",0.0588235294117647,0.600713012477718,0,0.340463458110517,0
"194","TELL_1_6_10",0.0941385435168739,0.769094138543517,0,0.136767317939609,0
"195","TELL_1_6_9",0.284191829484902,0.532859680284192,0,0.182948490230906,0
"196","TELL_1_6_6",0.498220640569395,0.323843416370107,0,0.177935943060498,0
"197","TELL_1_6_2",0.616755793226381,0.340463458110517,0,0.0427807486631016,0
"198","TELL_1_6_1",0.498214285714286,0.139285714285714,0,0.339285714285714,0.0232142857142857
"199","TELL_5_10_1",0.13854351687389,0.538188277087034,0,0.323268206039076,0
"200","TELL_5_10_2",0.0379061371841155,0.279783393501805,0,0.682310469314079,0
"201","TELL_5_10_3",0.0730837789661319,0.716577540106952,0.0213903743315508,0.188948306595365,0
"202","TELL_5_10_5",0.237076648841355,0.693404634581105,0.0124777183600713,0.0570409982174688,0
"203","TELL_5_10_9",0.10431654676259,0.753597122302158,0.00359712230215827,0.138489208633094,0
"204","TELL_5_10_6",0.0355239786856128,0.595026642984014,0.00177619893428064,0.367673179396092,0
"205","TELL_5_10_10",0.00177935943060498,0.848754448398576,0,0.149466192170818,0
"206","TELL_5_10_7",0.0451263537906137,0.913357400722022,0,0.0415162454873646,0
"207","TELL_5_10_4",0.0944741532976827,0.288770053475936,0,0.616755793226381,0
"208","COUN_2_17_19",0.146167557932264,0.269162210338681,0.0089126559714795,0.472370766488414,0.0427807486631016
"209","COUN_2_17_17",0.165480427046263,0.512455516014235,0,0.322064056939502,0
"210","COUN_2_17_15",0.195298372513562,0.692585895117541,0,0.112115732368897,0
"211","COUN_2_17_13",0.10752688172043,0.453405017921147,0,0.439068100358423,0
"212","COUN_2_17_11",0,0.913513513513514,0.0306306306306306,0.0558558558558559,0
"213","COUN_2_17_8",0.151515151515152,0.641711229946524,0,0.206773618538324,0
"214","COUN_2_17_10",0.0938628158844765,0.157039711191336,0,0.749097472924188,0
"215","COUN_2_17_7",0.0789946140035907,0.547576301615799,0,0.37342908438061,0
"216","COUN_2_17_9",0.136200716845878,0.541218637992832,0,0.32258064516129,0
"217","COUN_2_17_14",0.235611510791367,0.357913669064748,0,0.406474820143885,0
"218","COUN_1_3_1",0,0.171790235081374,0,0.828209764918626,0
"219","COUN_1_3_4",0.0744101633393829,0.479128856624319,0,0.446460980036298,0
"220","COUN_1_3_7",0.1125,0.369642857142857,0,0.517857142857143,0
"221","COUN_1_3_9",0.052064631956912,0.262118491921005,0,0.685816876122083,0
"222","COUN_1_3_12",0.0285204991087344,0.572192513368984,0,0.399286987522282,0
"223","COUN_1_3_14",0.0124777183600713,0.438502673796791,0.0231729055258467,0.525846702317291,0
"224","COUN_1_3_11",0.00714285714285714,0,0,0.992857142857143,0
"225","COUN_1_3_8",0,0.278776978417266,0,0.721223021582734,0
"226","COUN_1_3_6",0.0390763765541741,0.373001776198934,0,0.587921847246892,0
"227","COUN_1_3_3",0.0249554367201426,0.388591800356506,0,0.586452762923351,0
"228","COUN_4_19_1",0.178890876565295,0.31484794275492,0,0.506261180679785,0
"229","COUN_4_19_4",0.148745519713262,0.530465949820789,0.0197132616487455,0.301075268817204,0
"230","COUN_4_19_5",0.169675090252708,0.223826714801444,0,0.575812274368231,0.0306859205776173
"231","COUN_4_19_8",0.0549645390070922,0.127659574468085,0.0372340425531915,0.780141843971631,0
"232","COUN_4_19_13",0.28698752228164,0.547237076648841,0,0.165775401069519,0
"233","COUN_4_19_16",0.204991087344029,0.761140819964349,0.0231729055258467,0.0106951871657754,0
"234","COUN_4_19_9",0.166965888689408,0.21903052064632,0,0.614003590664273,0
"235","COUN_4_19_6",0.0574506283662478,0.319569120287253,0,0.622980251346499,0
"236","COUN_4_19_2",0.2375,0.642857142857143,0,0.119642857142857,0
"237","TELL_2_18_29",0.689839572192513,0.303030303030303,0,0.0071301247771836,0
"238","TELL_2_18_24",0.892857142857143,0.107142857142857,0,0,0
"239","TELL_2_18_20",0.484848484848485,0.454545454545455,0.017825311942959,0.0427807486631016,0
"240","TELL_2_18_16",0.212765957446809,0.781914893617021,0.00531914893617021,0,0
"241","TELL_2_18_8",0.0089126559714795,0.967914438502674,0.0231729055258467,0,0
"242","TELL_2_18_12",0.126334519572954,0.873665480427046,0,0,0
"243","TELL_2_18_15",0.200716845878136,0.752688172043011,0,0.046594982078853,0
"244","TELL_2_18_19",0.363636363636364,0.588235294117647,0.0053475935828877,0.0427807486631016,0
"245","TELL_2_18_23",0.540540540540541,0.445045045045045,0,0.0144144144144144,0
"246","TELL_2_18_28",0.685714285714286,0.296428571428571,0,0.0178571428571429,0
"247","KOUG_5_17_5",0.0467625899280576,0.325539568345324,0.0215827338129496,0.476618705035971,0.129496402877698
"248","KOUG_5_17_7",0.310469314079422,0.451263537906137,0,0.0776173285198556,0.160649819494585
"249","KOUG_5_17_4",0.233511586452763,0.67379679144385,0,0.0837789661319073,0.0089126559714795
"250","KOUG_5_17_1",0.169675090252708,0.454873646209386,0,0.277978339350181,0.0974729241877256
"251","KOUG_5_17_3",0.151515151515152,0.818181818181818,0,0.0196078431372549,0.0106951871657754
"252","KOUG_5_17_6",0.580645161290323,0.419354838709677,0,0,0
"253","KOUG_5_17_8",0.398926654740608,0.506261180679785,0,0.0465116279069767,0.0483005366726297
"254","KOUG_5_17_11",0.160071942446043,0.611510791366906,0,0.169064748201439,0.0593525179856115
"255","KOUG_5_17_14",0.296428571428571,0.473214285714286,0,0.221428571428571,0.00892857142857143
"256","KOUG_5_17_9",0.401785714285714,0.483928571428571,0,0.0964285714285714,0.0178571428571429
"257","TELL_1_3_13",0.0470162748643761,0.613019891500904,0,0.2875226039783,0
"258","TELL_1_3_17",0.0161001788908766,0.359570661896243,0,0.62432915921288,0
"259","TELL_1_3_21",0.01985559566787,0.346570397111913,0,0.633574007220217,0
"260","TELL_1_3_16",0.224820143884892,0.203237410071942,0,0.571942446043165,0
"261","TELL_1_3_20",0.0357142857142857,0.298214285714286,0,0.666071428571429,0
"262","TELL_1_3_15",0.15742397137746,0.363148479427549,0,0.479427549194991,0
"263","TELL_1_3_11",0.211191335740072,0.292418772563177,0,0.496389891696751,0
"264","TELL_1_3_8",0.324372759856631,0.0878136200716846,0,0.587813620071685,0
"265","TELL_1_3_12",0.188948306595365,0.39572192513369,0,0.415329768270945,0
"266","TELL_1_3_9",0.0641711229946524,0.796791443850267,0,0.0944741532976827,0
"267","COUN_1_14_20",0.128113879003559,0.626334519572954,0,0.185053380782918,0
"268","COUN_1_14_17",0.207513416815742,0.749552772808587,0,0.0429338103756708,0
"269","COUN_1_14_14",0.302325581395349,0.681574239713775,0,0.0125223613595707,0.0035778175313059
"270","COUN_1_14_10",0.452762923351159,0.515151515151515,0,0.0320855614973262,0
"271","COUN_1_14_11",0.213903743315508,0.595365418894831,0,0.171122994652406,0.0196078431372549
"272","COUN_1_14_15",0.0740072202166065,0.537906137184116,0,0.362815884476534,0.00180505415162455
"273","COUN_1_14_18",0.0946428571428571,0.680357142857143,0,0.182142857142857,0.00178571428571429
"274","COUN_2_1_5",0.0889679715302491,0.236654804270463,0,0.654804270462633,0
"275","COUN_2_1_9",0.250902527075812,0.700361010830325,0,0.0487364620938628,0
"276","COUN_2_1_12",0.0535714285714286,0.823214285714286,0,0.123214285714286,0
"277","COUN_2_1_16",0.130824372759857,0.584229390681004,0.0716845878136201,0.21326164874552,0
"278","COUN_2_1_19",0.266903914590747,0.345195729537367,0.0231316725978648,0.355871886120996,0.00889679715302491
"279","COUN_2_1_17",0.189873417721519,0.710669077757685,0,0.0994575045207957,0
"280","COUN_2_1_13",0.0482142857142857,0.896428571428571,0,0.0553571428571429,0
"281","COUN_2_1_10",0.0691489361702128,0.572695035460993,0,0.358156028368794,0
"282","COUN_2_1_6",0.140569395017794,0.508896797153025,0,0.350533807829181,0
"283","COUN_2_1_2",0.125448028673835,0.125448028673835,0,0.720430107526882,0
"284","KOUG_5_21_21",0.424242424242424,0.461675579322638,0,0.0998217468805704,0.0142602495543672
"285","KOUG_5_21_22",0.195652173913043,0.608695652173913,0,0.188405797101449,0.0072463768115942
"286","KOUG_5_21_20",0.0926916221033868,0.563279857397504,0,0.319073083778966,0.0249554367201426
"287","KOUG_5_21_17",0.441281138790036,0.523131672597865,0,0.0355871886120996,0
"288","KOUG_5_21_19",0.354203935599284,0.398926654740608,0,0.161001788908766,0.0858676207513417
"289","KOUG_5_21_16",0.405357142857143,0.380357142857143,0,0.2,0.0142857142857143
"290","KOUG_5_21_13",0.168738898756661,0.579040852575488,0,0.213143872113677,0.0390763765541741
"291","KOUG_5_21_11",0.0701438848920863,0.23021582733813,0,0.699640287769784,0
"292","KOUG_5_21_12",0.477396021699819,0.20253164556962,0,0.320072332730561,0
"293","KOUG_5_21_15",0.0787119856887299,0.141323792486583,0,0.724508050089445,0.0554561717352415
"294","KOUG_3_29_22",0.198568872987478,0.488372093023256,0,0.261180679785331,0.0518783542039356
"295","KOUG_3_29_20",0.0549645390070922,0.177304964539007,0,0.75354609929078,0.0141843971631206
"296","KOUG_3_29_18",0.0447227191413238,0.343470483005367,0,0.602862254025045,0.00894454382826476
"297","KOUG_3_29_21",0.0867992766726944,0.500904159132007,0,0.412296564195298,0
"298","KOUG_5_10_6",0.287003610108303,0.422382671480144,0.0144404332129964,0.184115523465704,0.0252707581227437
"299","KOUG_5_10_5",0.428571428571429,0.473214285714286,0,0.0160714285714286,0.0821428571428571
"300","KOUG_5_10_2",0.564748201438849,0.413669064748201,0,0.012589928057554,0.00899280575539568
"301","KOUG_5_10_4",0.322463768115942,0.596014492753623,0,0.0344202898550725,0.0471014492753623
"302","KOUG_5_10_1",0.335115864527629,0.515151515151515,0,0.149732620320856,0
"303","KOUG_5_10_3",0.277280858676207,0.690518783542039,0,0.0322003577817531,0
"304","KOUG_5_10_7",0.154121863799283,0.711469534050179,0,0.0896057347670251,0.021505376344086
"305","KOUG_5_10_8",0.128342245989305,0.399286987522282,0,0.450980392156863,0.0213903743315508
"306","KOUG_5_10_11",0.0375,0.439285714285714,0.0875,0.378571428571429,0.00714285714285714
"307","KOUG_5_10_9",0.127468581687612,0.543985637342908,0.0125673249551167,0.242369838420108,0.0125673249551167
"308","COUN_2_15_1",0.195035460992908,0.645390070921986,0,0.159574468085106,0
"309","COUN_2_15_2",0.102333931777379,0.590664272890485,0,0.307001795332136,0
"310","COUN_2_15_5",0,0.571174377224199,0,0.428825622775801,0
"311","COUN_2_15_8",0.0505415162454874,0.252707581227437,0,0.696750902527076,0
"312","COUN_2_15_13",0.0909090909090909,0.663101604278075,0,0.245989304812834,0
"313","COUN_2_15_17",0.125226860254083,0.130671506352087,0,0.744101633393829,0
"314","COUN_2_15_12",0.212121212121212,0.525846702317291,0,0.262032085561497,0
"315","COUN_2_15_16",0.0873440285204991,0.638146167557932,0.0213903743315508,0.253119429590018,0
"316","COUN_2_15_7",0.0821428571428571,0.592857142857143,0,0.325,0
"317","COUN_2_15_4",0.0998217468805704,0.798573975044563,0.0160427807486631,0.0855614973262032,0
"318","TELL_4_5_11",0.527927927927928,0.261261261261261,0.00720720720720721,0.142342342342342,0.0018018018018018
"319","TELL_4_5_8",0.542857142857143,0.2625,0.0142857142857143,0.175,0.00535714285714286
"320","TELL_4_5_7",0.364620938628159,0.315884476534296,0,0.319494584837545,0
"321","TELL_4_5_9",0.727109515260323,0.251346499102334,0,0.0215439856373429,0
"322","TELL_4_5_10",0.623188405797101,0.123188405797101,0.0108695652173913,0.072463768115942,0.170289855072464
"323","TELL_4_5_12",0.626118067978533,0.289803220035778,0,0.0268336314847943,0.0572450805008945
"324","TELL_4_5_15",0.74331550802139,0.20855614973262,0,0,0
"325","TELL_4_5_18",0.926654740608229,0.073345259391771,0,0,0
"326","TELL_4_5_14",0.757142857142857,0.242857142857143,0,0,0
"327","COUN_5_2_20",0,0.0949820788530466,0,0.899641577060932,0
"328","COUN_5_2_18",0.00714285714285714,0.339285714285714,0,0.653571428571429,0
"329","COUN_5_2_16",0.162790697674419,0.581395348837209,0,0.255813953488372,0
"330","COUN_5_2_19",0.0483870967741935,0.913978494623656,0.010752688172043,0.0268817204301075,0
"331","COUN_5_2_17",0.117647058823529,0.176470588235294,0.0213903743315508,0.684491978609626,0
"332","COUN_5_2_14",0.0867992766726944,0.703435804701627,0,0.209764918625678,0
"333","COUN_5_2_11",0.139784946236559,0.553763440860215,0.046594982078853,0.259856630824373,0
"334","COUN_5_2_7",0.124777183600713,0.190730837789661,0.0213903743315508,0.663101604278075,0
"335","COUN_5_2_10",0.158362989323843,0.327402135231317,0,0.51423487544484,0
"336","COUN_5_2_13",0.0447227191413238,0.661896243291592,0,0.293381037567084,0
"337","KOUG_5_13_5",0.405797101449275,0.496376811594203,0,0.0760869565217391,0.0217391304347826
"338","KOUG_5_13_9",0.183600713012478,0.798573975044563,0,0,0.017825311942959
"339","KOUG_5_13_10",0.252688172043011,0.741935483870968,0,0.00537634408602151,0
"340","KOUG_5_13_7",0.172905525846702,0.723707664884136,0.0659536541889483,0.0374331550802139,0
"341","KOUG_5_13_4",0.378378378378378,0.594594594594595,0.027027027027027,0,0
"342","KOUG_5_13_2",0.603571428571429,0.294642857142857,0.0267857142857143,0.0625,0.0125
"343","KOUG_5_13_3",0.155913978494624,0.844086021505376,0,0,0
"344","KOUG_5_13_6",0.0161290322580645,0.983870967741935,0,0,0
"345","TELL_2_11_10",0.0551601423487545,0.871886120996441,0,0.0729537366548043,0
"346","TELL_2_11_7",0.2174688057041,0.490196078431373,0,0.292335115864528,0
"347","TELL_2_11_9",0.0703971119133574,0.53971119133574,0,0.389891696750903,0
"348","TELL_2_11_6",0.0907473309608541,0.153024911032028,0,0.756227758007117,0
"349","TELL_2_11_12",0.0558558558558559,0.261261261261261,0,0.682882882882883,0
"350","TELL_2_11_16",0.284172661870504,0.665467625899281,0,0.0503597122302158,0
"351","TELL_2_11_13",0.245989304812834,0.734402852049911,0,0.0196078431372549,0
"352","TELL_2_11_21",0.0409252669039146,0.446619217081851,0,0.512455516014235,0
"353","TELL_2_11_17",0,0.338129496402878,0,0.661870503597122,0
"354","TELL_2_11_14",0.00537634408602151,0.299283154121864,0,0.695340501792115,0
"355","KOUG_5_6_25",0.388086642599278,0.604693140794224,0,0.0072202166064982,0
"356","KOUG_5_6_29",0.0305755395683453,0.969424460431655,0,0,0
"357","KOUG_5_6_30",0.266429840142096,0.715808170515098,0,0.0177619893428064,0
"358","KOUG_5_6_27",0.223230490018149,0.704174228675136,0.0108892921960073,0.0617059891107078,0
"359","KOUG_5_6_23",0.549728752260398,0.358047016274864,0,0.0922242314647378,0
"360","KOUG_5_6_19",0.518716577540107,0.433155080213904,0,0.0481283422459893,0
"361","KOUG_5_6_14",0.45017793594306,0.5,0.0444839857651246,0.00533807829181495,0
"362","KOUG_5_6_18",0.242314647377939,0.716094032549729,0,0.0415913200723327,0
"363","KOUG_5_6_13",0.213903743315508,0.759358288770054,0,0.0267379679144385,0
"364","KOUG_5_6_17",0.636528028933092,0.363471971066908,0,0,0
"365","KOUG_5_6_21",0.658928571428571,0.341071428571429,0,0,0
"366","KOUG_3_21_17",0.00902527075812274,0.0324909747292419,0,0.958483754512635,0
"367","KOUG_3_21_12",0.0740072202166065,0.462093862815884,0.0108303249097473,0.453068592057762,0
"368","KOUG_3_21_16",0.14519056261343,0.2994555353902,0,0.55535390199637,0
"369","KOUG_3_21_11",0.282882882882883,0.291891891891892,0.0126126126126126,0.381981981981982,0.0306306306306306
"370","KOUG_3_21_7",0.15742397137746,0.513416815742397,0.280858676207513,0.0483005366726297,0
"371","KOUG_3_21_3",0,0.467140319715808,0.506216696269982,0.0266429840142096,0
"372","KOUG_3_21_1",0.486535008976661,0.436265709156194,0,0.0771992818671454,0
"373","KOUG_3_21_4",0.193840579710145,0.550724637681159,0,0.255434782608696,0
"374","KOUG_3_21_9",0.0787119856887299,0.123434704830054,0,0.797853309481216,0
"375","KOUG_3_21_13",0.0715563506261181,0.177101967799642,0.00894454382826476,0.742397137745975,0
"376","TELL_3_17_27",0.899280575539568,0.100719424460432,0,0,0
"377","TELL_3_17_24",0.862989323843416,0.126334519572954,0,0.0106761565836299,0
"378","TELL_3_17_28",0.885918003565062,0.089126559714795,0,0.0249554367201426,0
"379","TELL_3_17_25",0.866666666666667,0.10990990990991,0,0.0234234234234234,0
"380","TELL_3_17_21",0.831842576028623,0.125223613595707,0,0.0429338103756708,0
"381","TELL_3_17_17",0.315508021390374,0.4349376114082,0,0.249554367201426,0
"382","TELL_3_17_13",0.626785714285714,0.151785714285714,0,0.221428571428571,0
"383","TELL_3_17_16",0.308928571428571,0.542857142857143,0,0.148214285714286,0
"384","TELL_3_17_20",0.204626334519573,0.626334519572954,0,0.169039145907473,0
"385","TELL_3_17_23",0.0998217468805704,0.770053475935829,0,0.130124777183601,0
"386","KOUG_1_15_29",0.113879003558719,0.877224199288256,0,0.00889679715302491,0
"387","KOUG_1_15_26",0.0541516245487365,0.494584837545126,0,0.451263537906137,0
"388","KOUG_1_15_23",0,0.496428571428571,0,0.503571428571429,0
"389","KOUG_1_15_20",0.290322580645161,0.589605734767025,0,0.120071684587814,0
"390","KOUG_1_15_24",0.0677361853832442,0.778966131907308,0,0.153297682709447,0
"391","KOUG_1_15_27",0.220614828209765,0.7124773960217,0,0.0669077757685353,0
"392","KOUG_1_15_30",0.0447227191413238,0.472271914132379,0,0.483005366726297,0
"393","TELL_2_22_21",0.209219858156028,0.601063829787234,0,0.189716312056738,0
"394","TELL_2_22_23",0.148479427549195,0.352415026833631,0,0.499105545617174,0
"395","TELL_2_22_26",0.141323792486583,0.359570661896243,0,0.499105545617174,0
"396","TELL_2_22_28",0.119429590017825,0.122994652406417,0,0.757575757575758,0
"397","TELL_2_22_31",0.13854351687389,0.177619893428064,0,0.683836589698046,0
"398","TELL_2_22_33",0.0377019748653501,0.732495511669659,0,0.229802513464991,0
"399","TELL_2_22_29",0.0541516245487365,0.211191335740072,0,0.734657039711191,0
"400","TELL_2_22_27",0.463458110516934,0.165775401069519,0,0.370766488413547,0
"401","TELL_2_22_24",0.397482014388489,0.181654676258993,0,0.420863309352518,0
"402","TELL_2_22_22",0.363636363636364,0.242424242424242,0,0.393939393939394,0
"403","KOUG_3_16_11",0.100900900900901,0.500900900900901,0,0.390990990990991,0.00720720720720721
"404","KOUG_3_16_14",0.47864768683274,0.400355871886121,0,0.120996441281139,0
"405","KOUG_3_16_10",0.488413547237077,0.185383244206774,0,0.32620320855615,0
"406","KOUG_3_16_8",0.0339285714285714,0.367857142857143,0,0.598214285714286,0
"407","KOUG_3_16_6",0.00899280575539568,0.568345323741007,0,0.366906474820144,0
"408","KOUG_3_16_4",0.0321428571428571,0.367857142857143,0,0.592857142857143,0.00714285714285714
"409","KOUG_3_16_3",0.0307414104882459,0.616636528028933,0.0144665461121157,0.338155515370705,0
"410","KOUG_3_16_2",0.126334519572954,0.738434163701068,0.135231316725979,0,0
"411","KOUG_3_16_1",0.0197132616487455,0.888888888888889,0.0752688172043011,0.0161290322580645,0
"412","COUN_3_11_38",0.0978260869565217,0.159420289855072,0.0072463768115942,0.548913043478261,0.121376811594203
"413","COUN_3_11_39",0.0876565295169946,0.100178890876565,0.0429338103756708,0.767441860465116,0.00178890876565295
"414","COUN_3_11_37",0.432384341637011,0.202846975088968,0.096085409252669,0.241992882562278,0.0266903914590747
"415","COUN_3_11_34",0.147482014388489,0.140287769784173,0.00719424460431655,0.670863309352518,0.0341726618705036
"416","COUN_3_11_30",0.230357142857143,0.192857142857143,0,0.576785714285714,0
"417","COUN_3_11_25",0.276292335115865,0.269162210338681,0.0142602495543672,0.440285204991087,0
"418","COUN_3_11_21",0.247292418772563,0.615523465703971,0.0541516245487365,0.0830324909747292,0
"419","COUN_3_11_26",0.303571428571429,0.1875,0.00892857142857143,0.5,0
"420","COUN_3_11_31",0.0930232558139535,0.386404293381038,0.00894454382826476,0.443649373881932,0.0679785330948122
"421","COUN_3_11_35",0.12972972972973,0.0594594594594595,0,0.677477477477477,0.133333333333333
"422","COUN_4_12_5",0.258467023172906,0.32620320855615,0.0303030303030303,0.28698752228164,0.0338680926916221
"423","COUN_4_12_7",0.431899641577061,0.304659498207885,0,0.0412186379928315,0.222222222222222
"424","COUN_4_12_9",0.200723327305606,0.647377938517179,0,0.148282097649186,0.00361663652802893
"425","COUN_4_12_13",0.288014311270125,0.581395348837209,0.0429338103756708,0.0822898032200358,0.00536672629695885
"426","COUN_4_12_15",0.340501792114695,0.439068100358423,0,0.220430107526882,0
"427","COUN_4_12_12",0.0126582278481013,0.399638336347197,0,0.587703435804702,0
"428","COUN_4_12_8",0.110307414104882,0.455696202531646,0,0.433996383363472,0
"429","COUN_4_12_6",0.494642857142857,0.471428571428571,0,0.0160714285714286,0.0178571428571429
"430","COUN_4_12_4",0.294642857142857,0.385714285714286,0.025,0.15,0.0892857142857143
"431","COUN_4_12_2",0.172661870503597,0.0683453237410072,0.185251798561151,0.0143884892086331,0.559352517985611
"432","KOUG_5_25_22",0.0533807829181495,0.211743772241993,0,0.734875444839858,0
"433","KOUG_5_25_20",0.0233393177737881,0.44165170556553,0,0.535008976660682,0
"434","KOUG_5_25_19",0.0249554367201426,0.131907308377897,0,0.843137254901961,0
"435","KOUG_5_25_17",0.13903743315508,0.13903743315508,0,0.72192513368984,0
"436","KOUG_5_25_15",0.026978417266187,0.00359712230215827,0,0.969424460431655,0
"437","KOUG_5_25_11",0.0071301247771836,0.149732620320856,0,0.818181818181818,0
"438","KOUG_5_25_14",0.00178571428571429,0.0482142857142857,0,0.95,0
"439","KOUG_5_25_16",0.0994575045207957,0.359855334538879,0,0.540687160940326,0
"440","KOUG_5_25_18",0.0143626570915619,0.0897666068222621,0,0.895870736086176,0
"441","TELL_3_4_18",0.1985559566787,0.633574007220217,0.092057761732852,0.00180505415162455,0
"442","TELL_3_4_14",0.626785714285714,0.307142857142857,0,0.0160714285714286,0
"443","TELL_3_4_10",0.729241877256318,0.25812274368231,0,0.0126353790613718,0
"444","TELL_3_4_7",0.724324324324324,0.275675675675676,0,0,0
"445","TELL_3_4_11",0.953321364452424,0.0394973070017953,0,0,0
"446","TELL_3_4_15",0.669642857142857,0.253571428571429,0.0357142857142857,0,0
"447","TELL_3_4_20",0.816399286987522,0.183600713012478,0,0,0
"448","TELL_3_4_24",0.83005366726297,0.16994633273703,0,0,0
"449","TELL_3_4_19",0.623423423423423,0.376576576576577,0,0,0
"450","TELL_3_4_23",0.479500891265597,0.459893048128342,0,0,0
