Road_ID,UNIT_ID,Transect_ID,Point_ID,Prim_Obs_initials,Sec_Obs_Initials,Date,start_time,Temp_F,Temp_Celsius,Sky,Wind,Hearing,Noise_Distance_m,Noise_Direction,Waypoint_num,GPS_name,Coordinates,Lat,Long,pct_BG,pct_T,pct_LS,pct_TS,pct_sum,Notes
KOUG,4,19,16,KW,DS,10-May-19,6:00,38,,0,10,2,1000,1000,NA,2,N64° 39.321' W165° 17.628',64 39.321,165 17.  628,0,60,40,0,100,"Early season, did not take way points at survey sites. Surveys were taken right on assigned points. "
KOUG,4,19,19,KW,DS,10-May-19,7:07,39,,0,8,2,1000,1000,NA,2,N64° 39.624' W165° 16.919',64 39.624,165 16.919,0,80,20,0,100,""""
KOUG,4,19,21,KW,DS,10-May-19,7:43,38,,0,15,3,1000,1000,NA,2,N64° 39.927' W165° 16.208',64 39.927,165 16.208,0,90,10,0,100,""" -  and determine too windy to survey.  Return another day to finish transect."
KOUG,4,19,1,DS,KW,11-May-19,5:22,37,,0,7,1,1000,1000,KOUG04T19P01,2,N64° 37.729' W165° 18.479',,,0,30,60,10,100,RETURNED TO FINISH TRANSECT NEXT DAY IN BETTER CONDITIONS.  80% SNOW COVERED
KOUG,4,19,6,DS,KW,11-May-19,6:17,37,,0,12,1,1000,1000,KOUG04T19P06,2,N64° 38.374' W165° 18.407',,,0,60,40,0,100,"""  - 90% SNOW COVERED"
KOUG,4,19,12,DS,KW,11-May-19,7:10,38,,1,10,1,1000,1000,KOUG04T19P012,2,N64° 39.017' W165° 18.336',,,0,70,30,0,100,""" - 60% SNOW"
KOUG,4,19,8,DS,KW,11-May-19,7:49,37,,1,10,1,1000,1000,KOUG04T19P08,2,N64° 38.677' W165° 17.675',,,0,100,0,0,100,""" - 50% SNOW, PT ON KOUG RD"
KOUG,4,19,11,DS,KW,11-May-19,8:39,39,,1,9,1,150,270,KOUG04T19P011,2,N64° 38.962' W165° 16.891',,,0,80,20,0,100,""" - 80% SNOW"
KOUG,4,19,7,DS,KW,11-May-19,9:18,39,,1,12,2,1000,1000,KOUG04T19P07,2,N64° 38.644' W165° 16.360',,,0,90,10,0,100,""" - 100% SNOW"
KOUG,4,19,10,DS,KW,11-May-19,10:03,39,,0,4,0,1000,1000,KOUG04T19P10,2,N64° 38.944' W165° 15.651',,,0,100,0,0,100,""" - 100% SNOW"
KOUG,4,19,15,DS,KW,11-May-19,10:48,41,,0,4,0,1000,1000,KOUG04T19P15,2,N64° 39.284' W165° 16.285',,,0,90,10,0,100,""" - 80% SNOW"
TELL,5,16,24,KW,DS,12-May-19,5:36,36,,"2,3,4",2,0,1000,1000,51219P24,2,N64° 36.381' W165° 41.512',,,0,95,5,0,100,"100% SNOW, HERE WE NAMED WAY POINTS INCORRECTLY. WE ONLY USED THIS SYSTEM FOR A FEW WAY POINTS BEFORE SWITCHING TO NUMERIC NAMING SYSTEM"
TELL,5,16,26,KW,DS,12-May-19,6:29,34,,"2,3,4",4,0,1000,1000,51219P26,2,N64° 36.723' W165° 42.168',,,0,60,40,0,100,70% SNOW
TELL,5,16,25,KW,DS,12-May-19,7:30,37,,"2,3,4",0,0,1000,1000,51219P25,2,N64° 36.413' W165° 42.853',,,0,70,30,0,100,
TELL,5,16,23,KW,DS,12-May-19,8:35,37,,"2,3,4",2,0,1000,1000,51219P23,2,N64° 36.109' W165° 43.558',,,0,100,0,0,100,100% SNOW
TELL,5,16,20,KW,DS,12-May-19,9:15,28,,"2,3,4",7,0,1000,1000,51219P20,2,N64° 35.772' W165° 42.895',,,0,95,5,0,100,
TELL,5,16,22,KW,DS,12-May-19,10:00,36,,"2,3,4",7,1,1000,1000,51219P22,2,N64° 36.078' W165° 42.211',,,0,20,30,50,100,80% SNOW
KOUG,4,6,13,DS,KW,13-May-19,5:40,36,,2,0,1,30,270,9,2,N64° 49.877' W165° 14.391',,,0,70,30,0,100,"90% SNOW, AT THIS WAYPOINT WE BEGAN USING NUMERIC NAMING SYSTEM FOR WAYPOINTS"
KOUG,4,6,18,DS,KW,13-May-19,6:19,37,,2,5,0,1000,1000,11,2,N64° 50.216' W165° 15.029',,,0,90,10,0,100,80% SNOW
KOUG,4,6,29,DS,KW,13-May-19,7:38,39,,2,2,0,1000,1000,16,2,N64° 50.859' W165° 14.962',,,0,60,40,0,100,90% SNOW
KOUG,4,6,24,DS,KW,13-May-19,7:01,38,,2,4,1,50,270,13,2,N64° 50.561' W165° 15.569',,,0,100,0,0,100,100% SNOW
KOUG,4,6,32,DS,KW,13-May-19,8:23,36,,2,8,1,1000,1000,19,2,N64° 51.162' W165° 14.246',,,0,70,30,0,100,100% SNOW
KOUG,4,6,34,DS,KW,13-May-19,9:08,36,,2,8,2,1000,1000,22,2,N64° 51.467' W165° 13.530',,,0,100,0,0,100,90% SNOW
KOUG,4,6,31,DS,KW,13-May-19,9:51,37,,"2,3,4",11,3,1000,1000,24,2,N64° 51.133' W165° 12.892',,,0,100,0,0,100,40% SNOW AND SLIGHTLY COMPROMISED DUE TO WIND
KOUG,4,6,28,DS,KW,13-May-19,10:31,37,,"2,4",6,1,1000,1000,29,2,N64° 50.827' W165° 13.605',,,0,40,60,0,100,100% SNOW
KOUG,4,6,23,DS,KW,13-May-19,11:26,40,,2,2,0,1000,1000,33,2,N64° 50.522' W165° 14.283',,,0,90,10,0,100,80% SNOW
TELL,4,4,12,KW,DS,14-May-19,5:38,38,,0,7,0,1000,1000,34,2,N64° 41.982' W165° 46.988',,,0,95,5,0,100,
TELL,4,4,8,KW,DS,14-May-19,6:25,36,,0,5,0,1000,1000,39,2,N64° 41.677' W165° 47.695',,,0,90,10,0,100,15% SNOW
TELL,4,4,4,KW,DS,14-May-19,7:14,41,,0,0,0,1000,1000,45,2,N64° 41.369' W165° 48.389',,,0,95,5,0,100,
TELL,4,4,9,KW,DS,14-May-19,7:59,39,,0,7,1,1000,1000,49,2,N64° 41.707' W165° 49.041',,,0,100,0,0,100,100% SNOW
TELL,4,4,14,KW,DS,14-May-19,8:45,40,,0,8,1,1000,1000,50,2,N64° 42.047' W165° 49.679',,,0,100,0,0,100,100% SNOW
TELL,4,4,18,KW,DS,14-May-19,9:20,40,,1,7,1,1000,1000,52,2,N64° 42.385' W165° 50.319',,,0,95,5,0,100,100% SNOW
TELL,4,4,21,KW,DS,14-May-19,9:57,46,,1,4,0,1000,1000,53,2,N64° 42.718' W165° 50.957',,,0,95,5,0,100,70% SNOW
TELL,4,4,24,KW,DS,14-May-19,10:29,51,,0,6,1,1000,1000,55,2,N64° 43.028' W165° 50.253',,,0,100,0,0,100,50% SNOW
TELL,4,4,26,KW,DS,14-May-19,11:20,42,,1,11,2,1000,1000,56,2,N64° 43.332' W165° 49.544',,,0,98,2,0,100,95% SNOW
TELL,4,4,23,KW,DS,14-May-19,11:45,41,,1,11,2,1000,1000,58,2,N64° 42.997' W165° 48.903',,,0,60,40,0,100,90% SNOW
COUN,3,12,1,DS,KW,15-May-19,5:40,41,,1,4,0,1000,1000,59,2,N64° 37.784' W164° 22.623',,,0,20,30,50,100,ON ROAD
COUN ,3,12,4,DS,KW,15-May-19,6:16,39,,1,8,1,1000,1000,61,2,N64° 38.098' W164° 23.214',,,0,60,40,0,100,80% SNOW
COUN,3,12,7,DS,KW,15-May-19,6:53,39,,1,4,1,1000,1000,63,2,N64° 38.443' W164° 23.842',,,0,0,100,0,100,100% SNOW - 1ST BEAR TRACKS
COUN,3,12,9,DS,KW,15-May-19,7:36,41,,1,0,0,1000,1000,65,2,N64° 38.783' W164° 24.473',,,0,40,60,0,100,
COUN,3,12,11,DS,KW,15-May-19,8:20,42,,1,4,0,1000,1000,67,2,N64° 39.083' W164° 23.757',,,0,100,0,0,100,100% SNOW
COUN,3,12,13,DS,KW,15-May-19,9:01,41,,1,11,2,1000,1000,68,2,N64° 39.385' W164° 23.041',,,30,70,0,0,100,40% SNOW AND SLIGHTLY COMPROMISED DUE TO WIND
COUN,3,12,10,DS,KW,15-May-19,9:56,41,,1,11,1,80,90,69,2,N64° 39.044' W164° 22.411',,,50,20,30,0,100,
COUN,3,12,8,DS,KW,15-May-19,10:34,40,,1,11,2,1000,1000,70,2,N64° 38.742' W164° 23.129',,,0,90,10,0,100,80% SNOW
COUN,3,12,6,DS,KW,15-May-19,11:05,41,,1,13,2,1000,1000,71,2,N64° 38.401' W164° 22.497',,,0,95,5,0,100,50% SNOW
KOUG,4,21,5,KW,DS,17-May-19,5:05,39,,0,10,1,1000,1000,72,2,N64° 52.488' W165° 15.443',,,0,80,20,0,100,100% SNOW
KOUG,4,21,8,KW,DS,17-May-19,5:40,43,,0,1,0,1000,1000,73,2,N64° 52.831' W165° 16.082',,,0,100,0,0,100,100% SNOW
KOUG,4,21,12,KW,DS,17-May-19,6:28,48,,0,2,0,1000,1000,74,2,N64° 53.167' W165° 16.720',,,0,100,0,0,100,100% SNOW
KOUG,4,21,15,KW,DS,17-May-19,7:07,48,,0,0,0,1000,1000,76,2,N64° 53.473' W165° 15.995',,,0,100,0,0,100,100% SNOW
KOUG,4,21,18,KW,DS,17-May-19,7:52,42,,0,7,1,1000,1000,78,2,N64° 53.814' W165° 16.655',,,0,100,0,0,100,100% SNOW
KOUG,4,21,22,KW,DS,17-May-19,8:23,43,,0,5,0,1000,1000,79,2,N64° 54.114' W165° 15.935',,,100,0,0,0,100,100% SNOW
KOUG,4,21,17,KW,DS,17-May-19,9:09,47,,0,0,0,1000,1000,80,2,N64° 53.781' W165° 15.285',,,100,0,0,0,100,100% SNOW
KOUG,4,21,21,KW,DS,17-May-19,9:47,46,,0,10,2,1000,1000,81,2,N64° 54.082' W165° 14.586',,,0,100,0,0,100,100% SNOW
KOUG,4,21,26,KW,DS,17-May-19,10:27,43,,0,10,2,1000,1000,82,2,N64° 54.389' W165° 13.877',,,0,100,0,0,100,100% SNOW
KOUG,4,21,20,KW,DS,17-May-19,10:55,43,,0,5,0,1000,1000,84,2,N64° 54.049' W165° 13.239',,,0,100,0,0,100,100% SNOW
KOUG,4,21,16,KW,DS,17-May-19,11:26,57,,0,0,0,1000,1000,86,2,N64° 53.739' W165° 13.946',,,0,100,0,0,100,100% SNOW
KOUG,4,21,14,KW,DS,17-May-19,11:52,43,,0,5,1,1000,1000,87,2,N64° 53.437' W165° 14.658',,,0,100,0,0,100,100% SNOW
COUN,5,12,1,DS,KW,18-May-19,5:55,39,,2,5,1,1000,1000,88,2,N64° 29.431' W165° 20.766',,,0,90,10,0,100,LATE START DUE TO WAITING FOR FOG TO LIFT & IT DID!
COUN,5,12,2,DS,KW,18-May-19,6:41,40,,2,5,1,500,135,89,2,N64° 29.740' W165° 20.064',,,50,50,0,0,100,CAN HEAR THE OCEAN AND ROAD TO THE SOUTH (SE)
COUN,5,12,5,DS,KW,18-May-19,7:20,40,,2,3,1,1000,180,90,2,N64° 30.036' W165° 19.349',,,0,95,0,5,100,CAN HEAR RD
COUN,5,12,9,DS,KW,18-May-19,8:00,41,,2,4,1,1000,180,91,2,N64° 30.375' W165° 19.987',,,0,100,0,0,100,""""
COUN,5,12,14,DS,KW,18-May-19,8:31,41,,"2,3,4",5,1,1000,1000,92,2,N64° 30.713' W165° 20.615',,,0,100,0,0,100,
COUN,5,12,10,DS,KW,18-May-19,9:07,40,,"2,3,4",2,1,1000,180,93,2,N64° 30.411' W165° 21.325',,,0,100,0,0,100,914 THICKER FOG ROLLING BACK IN
COUN,5,12,7,DS,KW,18-May-19,9:40,40,,"2,3,4",3,1,1000,180,94,2,N64° 30.108' W165° 22.030',,,0,70,25,5,100,CALL IT AT 7 POINTS DUE TO WEATHER
COUN,4,10,10,KW,DS,19-May-19,5:39,38,,2,2,0,1000,1000,95,2,N64° 38.185' W164° 25.900',,,0,90,10,0,100,40% SNOW
COUN,4,10,15,KW,DS,19-May-19,6:17,40,,2,0,0,1000,1000,98,2,N64° 38.523' W164° 26.536',,,0,100,0,0,100,40% SNOW
COUN,4,10,11,KW,DS,19-May-19,7:22,40,,0,2,1,1000,1000,100,2,N64° 38.223' W164° 27.358',,,0,100,0,0,100,
COUN,4,10,16,KW,DS,19-May-19,7:53,39,,0,7,1,1000,1000,101,2,N64° 38.565' W164° 27.873',,,0,100,0,0,100,90% SNOW
COUN,4,10,12,KW,DS,19-May-19,8:27,42,,0,7,1,1000,1000,102,2,N64° 38.261' W164° 28.582',,,0,100,0,0,100,30% SNOW
COUN,4,10,8,KW,DS,19-May-19,9:02,43,,0,9,2,1000,1000,105,2,N64° 37.963' W164° 29.296',,,0,70,30,0,100,
COUN,4,10,4,KW,DS,19-May-19,9:37,41,,0,10,2,1000,1000,106,2,N64° 37.625' W164° 28.674',,,0,100,0,0,100,10% SNOW
COUN,4,10,7,KW,DS,19-May-19,10:17,43,,0,10,2,1000,1000,107,2,N64° 37.923' W164° 27.955',,,0,40,60,0,100,90% SNOW
COUN,4,10,6,KW,DS,19-May-19,11:06,45,,0,8,1,1000,1000,108,2,N64° 37.883' W164° 26.600',,,0,70,30,0,100,20% SNOW
TELL,5,23,2,DS,KW,20-May-19,5:28,46,,1,12,3,1000,1000,109,2,N64° 34.898' W165° 33.597',,,100,0,0,0,100,"WINDY POINT - FYI - THIS TRANSECT IS LABELED AS A K GROUP, BUT IS ACTUALLY ON TELLER RD."
TELL,5,23,4,DS,KW,20-May-19,6:10,46,,1,13,2,1000,1000,110,2,N64° 35.203' W165° 32.890',,,50,50,0,0,100,50% SNOW - STILL WINDY
TELL,5,23,6,DS,KW,20-May-19,6:49,45,,1,7,1,1000,1000,111,2,N64° 35.507' W165° 32.186',,,50,50,0,0,100,100% SNOW
TELL,5,23,10,DS,KW,20-May-19,7:37,44,,1,8,1,1000,1000,112,2,N64° 35.810' W165° 32.900',,,50,50,0,0,100,100% SNOW
TELL,5,23,14,DS,KW,20-May-19,8:15,46,,1,9,1,1000,1000,113,2,N64° 36.183' W165° 33.472',,,50,50,0,0,100,100% SNOW
TELL,5,23,11,DS,KW,20-May-19,8:46,46,,1,11,2,1000,1000,114,2,N64° 35.889' W165° 34.069',,,50,50,0,0,100,100% SNOW
TELL,5,23,8,DS,KW,20-May-19,9:15,47,,1,8,2,1000,1000,115,2,N64° 35.575' W165° 34.866',,,0,100,0,0,100,100% SNOW
TELL,5,23,5,DS,KW,20-May-19,10:06,53,,1,7,1,1000,1000,116,2,N64° 35.271' W165° 35.638',,,0,0,30,70,100,60% SNOW
TELL,5,23,3,DS,KW,20-May-19,10:43,51,,1,10,2,1000,1000,118,2,N64° 34.970' W165° 36.279',,,0,100,0,0,100,20% SNOW
TELL,5,23,1,DS,KW,20-May-19,11:19,49,,1,10,1,1000,1000,120,2,N64° 34.662' W165° 36.986',,,0,100,0,0,100,40% SNOW
TELL,3,1,1,KW,DS,22-May-19,5:08,36,,2,7,1,50,90,128,2,N64° 48.099' W166° 01.301',,,0,100,0,0,100,50% SNOW
TELL,3,1,5,KW,DS,22-May-19,5:45,36,,2,9,1,1000,1000,129,2,N64° 48.416' W166° 00.509',,,0,100,0,0,100,50% SNOW
TELL,3,1,9,KW,DS,22-May-19,6:21,36,,2,8,1,1000,1000,131,2,N64° 48.724' W165° 59.804',,,0,100,0,0,100,70% SNOW
TELL,3,1,13,KW,DS,22-May-19,6:55,37,,2,6,1,1000,1000,132,2,N64° 49.031' W165° 59.099',,,0,100,0,0,100,100% SNOW
TELL,3,1,16,KW,DS,22-May-19,7:24,37,,2,7,1,600,0,133,2,N64° 49.338' W165° 58.393',,,0,100,0,0,100,90% SNOW
TELL,3,1,20,KW,DS,22-May-19,7:54,37,,2,6,1,250,0,134,2,N64° 49.674' W165° 59.036',,,0,100,0,0,100,80% SNOW
TELL,3,1,17,KW,DS,22-May-19,8:26,38,,2,4,1,1000,1000,135,2,N64° 49.368' W165° 59.742',,,0,100,0,0,100,90% SNOW
TELL,3,1,21,KW,DS,22-May-19,8:55,38,,2,6,1,500,0,136,2,N64° 49.703' W166° 00.384',,,0,100,0,0,100,70% SNOW
TELL,3,1,18,KW,DS,22-May-19,9:30,39,,2,7,1,1000,0,137,2,N64° 49.398' W166° 01.095',,,0,100,0,0,100,80% SNOW
TELL,3,1,14,KW,DS,22-May-19,10:08,40,,1,6,0,1000,1000,138,2,N64° 49.061' W166° 00.449',,,50,50,0,0,100,95% SNOW
TELL,3,1,10,KW,DS,22-May-19,10:50,44,,1,7,1,1000,1000,140,2,N64° 48.753' W166° 01.153',,,0,100,0,0,100,20% SNOW
COUN,4,14,23,DS,KW,25-May-19,5:21,33,,0,7,1,1000,1000,151,2,N64° 35.316' W164° 26.952',,,0,100,0,0,100,3ED TRY AT SITE DUE TO WIND AND WE GOT A PERFECT DAY!  ON TUNDRA FLATS NEAR THE OCEAN AND SAFETY SOUND.
COUN,4,14,25,DS,KW,25-May-19,5:54,33,,0,6,0,1000,1000,153,2,N64° 35.658' W164° 27.580',,,0,100,0,0,100,ALL TUNDRA AND A LAKE
COUN,4,14,24,DS,KW,25-May-19,6:31,34,,0,6,0,1000,1000,156,2,N64° 35.357' W164° 28.294',,,0,100,0,0,100,
COUN,4,14,21,DS,KW,25-May-19,7:02,36,,0,4,0,1000,1000,157,2,N64° 35.057' W164° 29.006',,,0,100,0,0,100,
COUN,4,14,18,DS,KW,25-May-19,7:43,39,,0,5,0,1000,1000,161,2,N64° 34.760' W164° 29.718',,,0,100,0,0,100,
COUN,4,14,15,DS,KW,25-May-19,8:15,40,,0,6,0,1000,1000,163,2,N64° 34.456' W164° 30.432',,,0,100,0,0,100,SM LAKE TOO
COUN,4,14,11,DS,KW,25-May-19,8:50,43,,0,5,0,1000,1000,164,2,N64° 34.117' W164° 29.794',,,0,100,0,0,100,
COUN,4,14,14,DS,KW,25-May-19,9:24,45,,0,7,1,1000,1000,166,2,N64° 34.414' W164° 29.088',,,0,80,20,0,100,
COUN,4,14,17,DS,KW,25-May-19,9:58,47,,0,5,0,1000,1000,167,2,N64° 34.716' W164° 28.376',,,0,100,0,0,100,
COUN,4,14,20,DS,KW,21-May-19,8:08,38,,2,8,1,1000,1000,127,2,N64° 35.018' W164° 27.660',,,0,80,20,0,100,"NOTE:  TOOK THIS PT FROM OUR 1ST ATTEMPT OF SITE ON WINDY DAY, BUT THIS PT WAS OUT OF WIND.  ON 25TH 4 BEARS WERE ONTHIS TRANSECT SO WE DIDN'T DO IT ON THE 25TH"
KOUG,3,20,3,KW,DS,27-May-19,4:57,39,,2,1,1,300,180,168,2,N64° 56.734' W164° 52.584',,,0,0,20,80,100,
KOUG,3,20,6,KW,DS,27-May-19,5:43,40,,2,0,0,400,180,169,2,N64° 57.058' W164° 53.229',,,0,0,0,100,100,90% SNOW
KOUG,3,20,9,KW,DS,27-May-19,6:19,38,,2,1,1,250,180,170,2,N64° 57.399' W164° 53.856',,,0,40,40,20,100,
KOUG,3,20,13,KW,DS,27-May-19,6:57,39,,2,0,1,400,180,174,2,N64° 57.740' W164° 54.493',,,0,50,0,50,100,70% SNOW
KOUG,3,20,17,KW,DS,27-May-19,7:45,42,,2,3,0,900,180,176,2,N64° 58.043' W164° 53.774',,,0,90,10,0,100,95% SNOW
KOUG,3,20,20,KW,DS,27-May-19,8:15,47,,1,1,0,100,135,177,2,N64° 58.347' W164° 53.059',,,100,0,0,0,100,100% SNOW
KOUG,3,20,16,KW,DS,27-May-19,9:02,50,,2,0,0,1000,1000,180,2,N64° 58.010' W164° 52.411',,,100,0,0,0,100,90% SNOW
KOUG,3,20,11,KW,DS,27-May-19,9:39,56,,2,0,0,1000,1000,183,2,N64° 57.664' W164° 51.787',,,0,100,0,0,100,100% SNOW
KOUG,3,20,8,KW,DS,27-May-19,10:15,42,,1,3,0,1000,1000,184,2,N64° 57.359' W164° 52.509',,,0,100,0,0,100,80% SNOW
KOUG,3,20,5,KW,DS,27-May-19,10:43,50,,2,0,0,1000,1000,185,2,N64° 57.018' W164° 51.870',,,0,90,10,0,100,95% SNOW
TELL,4,18,21,DS,KW,28-May-19,5:18,40,,2,2,0,1000,1000,186,2,N64° 44.862' W166° 00.181',,,0,100,0,0,100,70% SNOW
TELL,4,18,22,DS,KW,28-May-19,5:56,37,,2,2,0,1000,1000,187,2,N64° 44.893' W166° 01.530',,,0,100,0,0,100,60% SNOW
TELL,4,18,20,DS,KW,28-May-19,6:31,36,,2,1,0,1000,1000,188,2,N64° 44.558' W166° 00.886',,,0,100,0,0,100,40% SNOW
TELL,4,18,18,DS,KW,28-May-19,7:05,35,,"2,3",0,1,1000,1000,190,2,N64° 44.281' W166° 01.519',,,0,100,0,0,100,40% SNOW - FOG REALLY ROLLING IN! COLDER
TELL,4,18,17,DS,KW,28-May-19,7:48,34,,"2,3",3,0,1000,1000,193,2,N64° 44.220' W166° 00.250',,,0,100,0,0,100,80% SNOW - FOG & COLD!  100M VISIBILITY
TELL,4,18,16,DS,KW,28-May-19,8:17,34,,"2,3",3,0,1000,1000,194,2,N64° 43.914' W166° 00.952',,,0,100,0,0,100,90% SNOW - THICK FOG
TELL,4,18,13,DS,KW,28-May-19,845,36,,"2,3",3,0,1000,1000,195,2,N64° 43.577' W166° 00.309',,,0,100,0,0,100, 30% SNOW - STILL THICK FOG
TELL,4,18,15,DS,KW,28-May-19,917,38,,"2,3",3,0,1000,1000,196,2,N64° 43.883' W165° 59.607',,,0,80,20,0,100,20% SNOW - THICK FOG BUT AUDIO STILL GOOD
TELL,4,18,19,DS,KW,28-May-19,1011,36,,"2,3",2,0,1000,1000,197,2,N64° 44.527' W165° 59.544',,,0,90,10,0,100,70% SNOW - THICK FOG
TELL,2,22,14,KW,DS,29-May-19,5:04,37,,1,2,1,250,90,198,2,N64° 58.016' W166° 11.091',,,0,100,0,0,100,5% SNOW
TELL,2,22,12,KW,DS,29-May-19,5:42,38,,2,6,1,50,90,200,2,N64° 57.706' W166° 10.493',,,0,90,10,0,100,
TELL,2,22,10,KW,DS,29-May-19,6:27,50,,2,0,1,460,180,205,2,N64° 57.339' W166° 09.783',,,100,0,0,0,100,
TELL,2,22,11,KW,DS,29-May-19,7:16,47,,2,3,0,1000,1000,207,2,N64° 57.647' W166° 09.076',,,100,0,0,0,100,
TELL,2,22,13,KW,DS,29-May-19,8:12,41,,2,6,0,1000,1000,210,2,N64° 57.987' W166° 09.741',,,0,95,5,0,100,5% SNOW
TELL,2,22,15,KW,DS,29-May-19,8:50,36,,2,7,1,1000,1000,212,2,N64° 58.293' W166° 09.031',,,0,100,0,0,100,
TELL,2,22,17,KW,DS,29-May-19,9:25,43,,1,9,2,1000,1000,213,2,N64° 58.630' W166° 09.677',,,50,50,0,0,100,
TELL,2,22,19,KW,DS,29-May-19,10:04,44,,2,8,2,1000,1000,215,2,N64° 58.968' W166° 10.322',,,0,100,0,0,100,
TELL,2,22,18,KW,DS,29-May-19,10:34,47,,1,9,2,1000,1000,217,2,N64° 58.659' W166° 11.034',,,0,100,0,0,100,
TELL,2,22,16,KW,DS,29-May-19,11:07,48,,2,4,1,50,,219,2,N64° 58.346' W166° 10.376',,,0,90,10,0,100,
COUN,3,19,3,DS,KW,30-May-19,5:06,41,,2,13,3,1000,1000,220,2,N64° 42.428' W164° 17.235',,,0,100,0,0,100,"WIND WAS A FACTOR, BUT CONTINUED WITH HOPES FOR IT TO GET BATTER AND IT DID!"
COUN,3,19,7,DS,KW,30-May-19,5:44,41,,2,7,2,1000,1000,222,2,N64° 42.768' W164° 17.866',,,0,15,15,70,100,WIND OK - BETTER IN GULLY & TS!
COUN,3,19,11,DS,KW,30-May-19,625,41,,1,13,2,1000,1000,223,2,N64° 43.114' W164° 18.490',,,0,80,20,0,100,WINDY AGAIN:/
COUN,3,19,14,DS,KW,30-May-19,7:04,39,,1,12,2,1000,1000,225,2,N64° 43.410' W164° 17.775',,,20,80,0,0,100,WIND…BUT STILL WORTH GOING ON
COUN,3,19,17,DS,KW,30-May-19,7:42,41,,1,4,1,1000,1000,226,2,N64° 43.713' W164° 17.059',,,0,10,90,0,100,CALM IN VALLEY
COUN,3,19,19,DS,KW,30-May-19,8:21,43,,2,5,1,1000,1000,227,2,N64° 44.013' W164° 16.343',,,0,90,10,0,100,OK IN WIND DEPT
COUN,3,19,16,DS,KW,30-May-19,8:54,42,,1,7,1,1000,1000,228,2,N64° 43.670' W164° 15.713',,,0,90,10,0,100,
COUN,3,19,13,DS,KW,30-May-19,9:36,43,,1,11,2,1000,1000,229,2,N64° 43.370' W164° 16.432',,,0,100,0,0,100,
COUN,3,19,10,DS,KW,30-May-19,10:06,45,,1,11,2,1000,1000,230,2,N64° 43.070' W164° 17.147',,,0,100,0,0,100,
COUN,3,19,6,DS,KW,30-May-19,10:40,49,,1,10,1,1000,1000,231,2,N64° 42.728' W164° 16.517',,,0,50,40,10,100,
TELL,4,9,24,KW,DS,31-May-19,5:00,43,,1,4,0,1000,1000,232,2,N64° 45.871' W166° 02.106',,,0,100,0,0,100,90% SNOW
TELL,4,9,21,KW,DS,31-May-19,5:39,45,,1,3,0,1000,1000,233,2,N64° 45.565' W166° 02.813',,,0,100,0,0,100,95% SNOW
TELL,4,9,18,KW,DS,31-May-19,6:09,51,,1,1,1,70,90,234,2,N64° 45.264' W166° 03.522',,,0,100,0,0,100,60% SNOW
TELL,4,9,15,KW,DS,31-May-19,6:37,50,,1,4,0,1000,1000,235,2,N64° 44.954' W166° 04.228',,,0,100,0,0,100,100% SNOW
TELL,4,9,12,KW,DS,31-May-19,7:06,52,,0,4,0,1000,1000,236,2,N64° 44.644' W166° 04.928',,,0,100,0,0,100,100% SNOW
TELL,4,9,7,KW,DS,31-May-19,7:36,49,,1,8,1,1000,1000,237,2,N64° 44.312' W166° 04.278',,,0,100,0,0,100,100% SNOW
TELL,4,9,3,KW,DS,31-May-19,8:09,47,,1,2,1,90,270,238,2,N64° 44.004' W166° 03.554',,,0,100,0,0,100,95% SNOW
TELL,4,9,6,KW,DS,31-May-19,8:59,46,,2,5,0,1000,1000,239,2,N64° 44.280' W166° 02.945',,,0,100,0,0,100,90% SNOW
TELL,4,9,10,KW,DS,31-May-19,9:30,49,,2,0,0,1000,1000,242,2,N64° 44.587' W166° 02.234',,,0,100,0,0,100,100% SNOW
TELL,4,9,17,KW,DS,31-May-19,10:07,53,,2,1,0,1000,1000,243,2,N64° 45.232' W166° 02.170',,,0,100,0,0,100,100% SNOW
TELL,3,21,1,DS,KW,1-Jun-19,4:35,49,,2,5,0,1000,1000,244,2,N64° 48.446' W166° 01.857',,,0,90,10,0,100,1ST POINT WITH NOTABLE MOSQUITOS
TELL,3,21,2,DS,KW,1-Jun-19,5:03,50,,2,7,1,1000,1000,245,2,N64° 48.784' W166° 02.501',,,0,95,5,0,100,WEATHER HOLDING OFF
TELL,3,21,4,DS,KW,1-Jun-19,5:40,50,,2,7,0,1000,1000,247,2,N64° 49.122' W166° 03.145',,,0,95,5,0,100,
TELL,3,21,6,DS,KW,1-Jun-19,6:08,48,,2,8,1,1000,1000,248,2,N64° 49.460' W166° 03.789',,,0,100,0,0,100,
TELL,3,21,9,DS,KW,1-Jun-19,6:43,49,,2,6,2,400,360,251,2,N64° 49.795' W166° 04.430',,,0,90,10,0,100,
TELL,3,21,8,DS,KW,1-Jun-19,7:26,45,,2,6,1,1000,300,252,2,N64° 49.766' W166° 03.079',,,0,100,0,0,100,WEATHER STILL HOLDING OFF:)
TELL,3,21,10,DS,KW,1-Jun-19,7:56,44,,2,5,3,10,55,253,2,N64° 50.022' W166° 02.435',,,40,20,40,0,100,"ADJUSTED PT ON NEAR SIDE OF BIG CREEK SO AS NOT TO CROSS FOR 1 PT, STILL WITHIN 100 M"
TELL,3,21,7,DS,KW,1-Jun-19,8:29,47,,2,5,2,500,360,254,2,N64° 49.734' W166° 01.732',,,50,50,0,0,100,60% SNOW
TELL,3,21,5,DS,KW,1-Jun-19,9:08,49,,2,6,1,1500,340,256,2,N64° 49.427' W166° 02.443',,,50,50,0,0,100,
TELL,3,21,3,DS,KW,1-Jun-19,9:37,50,,2,3,0,1000,1000,257,2,N64° 49.091' W166° 01.797',,,50,40,10,0,100,
KOUG,1,3,17,KW,DS,3-Jun-19,4:41,36,,1,3,0,30,0,258,2,N65° 26.711' W164° 45.422',,,0,30,40,30,100,
KOUG,1,3,15,KW,DS,3-Jun-19,5:24,42,,1,0,0,70,45,259,2,N65° 26.378' W164° 46.220',,,0,50,50,0,100,
KOUG,1,3,13,KW,DS,3-Jun-19,6:18,44,,1,2,0,1000,1000,260,2,N65° 26.099' W164° 46.865',,,0,90,10,0,100,
KOUG,1,3,11,KW,DS,3-Jun-19,6:47,49,,2,0,0,1000,1000,261,2,N65° 25.795' W164° 47.563',,,0,60,40,0,100,
KOUG,1,3,8,KW,DS,3-Jun-19,7:19,50,,2,2,0,1000,1000,262,2,N65° 25.488' W164° 48.319',,,0,100,0,0,100,
KOUG,1,3,6,KW,DS,3-Jun-19,7:49,50,,2,0,0,1000,1000,263,2,N65° 25.182' W164° 49.046',,,0,100,0,0,100,
KOUG,1,3,3,KW,DS,3-Jun-19,8:20,53,,2,0,0,1000,1000,264,2,N65° 24.840' W164° 48.401',,,0,60,40,0,100,
KOUG,1,3,5,KW,DS,3-Jun-19,8:53,48,,2,0,0,1000,1000,266,2,N65° 25.130' W164° 47.709',,,0,60,40,0,100,
KOUG,1,3,7,KW,DS,3-Jun-19,9:30,48,,2,2,0,1000,1000,267,2,N65° 25.451' W164° 46.941',,,0,100,0,0,100,
KOUG,1,3,10,KW,DS,3-Jun-19,10:03,54,,1,3,0,1000,1000,268,2,N65° 25.757' W164° 46.226',,,0,100,0,0,100,
KOUG,1,17,14,DS,KW,4-Jun-19,4:34,36,,0,0,0,1000,1000,269,2,N65° 20.691' W164° 40.763',,,0,90,10,0,100,
KOUG,1,17,11,DS,KW,4-Jun-19,5:11,35,,0,2,0,1000,1000,270,2,N65° 20.407' W164° 41.432',,,0,100,0,0,100,
KOUG,1,17,8,DS,KW,4-Jun-19,5:52,40,,0,2,0,1000,1000,271,2,N65° 20.101' W164° 42.151',,,0,100,0,0,100,
KOUG,1,17,5,DS,KW,4-Jun-19,6:39,43,,0,0,0,1000,1000,273,2,N65° 19.797' W164° 42.874',,,0,100,0,0,100,SOME MOSQUITOS
KOUG,1,17,2,DS,KW,4-Jun-19,7:17,48,,0,0,0,1000,1000,275,2,N65° 19.453' W164° 42.240',,,0,100,0,0,100,
KOUG,1,17,4,DS,KW,4-Jun-19,7:56,55,,0,0,0,1000,1000,277,2,N65° 19.760' W164° 41.515',,,0,100,0,0,100,
KOUG,1,17,1,DS,KW,4-Jun-19,8:34,50,,0,2,0,1000,1000,278,2,N65° 19.413' W164° 40.883',,,0,90,10,0,100,
KOUG,1,17,3,DS,KW,4-Jun-19,9:22,53,,0,6,0,1000,1000,279,2,N65° 19.723' W164° 40.176',,,0,80,10,10,100,
KOUG,1,17,7,DS,KW,4-Jun-19,10:00,57,,0,5,0,1000,1000,280,2,N65° 20.063' W164° 40.804',,,0,80,20,0,100,
KOUG,1,17,10,DS,KW,4-Jun-19,1035,59,,0,5,0,1000,1000,281,2,N65° 20.352' W164° 40.131',,,0,100,0,0,100,
COUN,3,10,18,KW,DS,5-Jun-19,4:38,36,,3,10,2,1000,1000,282,2,N64° 40.161' W164° 16.868',,,100,0,0,0,100,
COUN,3,10,14,KW,DS,5-Jun-19,5:07,37,,3,8,1,1000,1000,283,2,N64° 39.818' W164° 16.235',,,0,95,5,0,100,
COUN,3,10,10,KW,DS,5-Jun-19,5:55,32,,3,3,0,1000,1000,285,2,N64° 39.475' W164° 15.612',,,0,100,0,0,100,
COUN,3,10,13,KW,DS,5-Jun-19,6:24,36,,3,2,0,1000,1000,286,2,N64° 39.777' W164° 14.897',,,0,80,20,0,100,
COUN,3,10,16,KW,DS,5-Jun-19,7:00,38,,3,1,0,1000,1000,287,2,N64° 40.078' W164° 14.184',,,0,70,30,0,100,
COUN,3,10,20,KW,DS,5-Jun-19,7:36,37,,3,3,0,1000,1000,289,2,N64° 40.377' W164° 13.465',,,0,100,0,0,100,
COUN,3,10,25,KW,DS,5-Jun-19,8:06,42,,0,5,1,1000,1000,290,2,N64° 40.721' W164° 14.099',,,0,100,0,0,100,
COUN,3,10,29,KW,DS,5-Jun-19,8:40,43,,0,4,0,1000,1000,291,2,N64° 41.061' W164° 14.725',,,0,80,20,0,100,
COUN,3,10,26,KW,DS,5-Jun-19,9:28,45,,0,3,0,1000,1000,292,2,N64° 40.759' W164° 15.439',,,50,50,0,0,100,
COUN,3,10,22,KW,DS,5-Jun-19,10:06,51,,0,6,0,1000,1000,293,2,N64° 40.458' W164° 16.150',,,0,90,10,0,100,
TELL,1,19,4,DS,KW,7-Jun-19,4:34,33,,"2,3",2,0,1000,1000,294,2,N65° 07.880' W166° 18.321',,,0,100,0,0,100,HAD CAR CAMPED ON RIDGE ABOVE TRANSECT.  LOVELY NIGHT.  DENSE FOG ROLLED IN AND WE STARTED TRANSECT WITH HOPES IT'D LIFT.
TELL,1,19,7,DS,KW,7-Jun-19,5:04,34,,"2,3",2,0,1000,1000,296,2,N65° 08.218' W166° 18.970',,,0,100,0,0,100,FOG!
TELL,1,19,12,DS,KW,7-Jun-19,5:37,34,,"2,3",0,0,1000,1000,298,2,N65° 08.556' W166° 19.620',,,0,40,60,0,100,LIGHT FOG!
TELL,1,19,17,DS,KW,7-Jun-19,6:13,33,,"2,3",2,0,1000,1000,300,2,N65° 08.894' W166° 20.269',,,0,50,50,0,100,FOG HANGING ON :/  TOO BAD SINCE THIS IS SURELY A BEAUTIFUL TRANSECT!  BUT STILL PICKING UP BIRDS.
TELL,1,19,13,DS,KW,7-Jun-19,6:44,34,,"2,3",2,0,1000,1000,302,2,N65° 08.592' W166° 21.004',,,50,40,10,0,100,:/
TELL,1,19,18,DS,KW,7-Jun-19,7:12,33,,3,3,0,1000,1000,303,2,N65° 08.921' W166° 21.627',,,0,100,0,0,100,50% SNOW - FOG LIFTING WITH SUN ABOVE!  HAVE HOPE!  
TELL,1,19,21,DS,KW,7-Jun-19,7:47,37,,"0,3",0,0,1000,1000,304,2,N65° 09.211' W166° 22.275',,,0,100,0,0,100,
TELL,1,19,19,DS,KW,7-Jun-19,8:24,36,,3,4,0,1000,1000,305,2,N65° 08.977' W166° 22.998',,,100,0,0,0,100,100% SNOW - AND BACK DOWN IN TO THE FOG:/
TELL,1,19,14,DS,KW,7-Jun-19,9:05,37,,"0,3",3,0,1000,1000,306,2,N65° 08.610' W166° 22.333',,,60,40,0,0,100,FOG STILL TRYING TO LEAVE!
TELL,1,19,9,DS,KW,7-Jun-19,9:57,38,,3,1,0,1000,1000,307,2,N65° 08.273' W166° 21.684',,,0,100,0,0,100,
TELL,1,19,8,DS,KW,7-Jun-19,10:30,39,,3,2,0,1000,1000,309,2,N65° 08.248' W166° 20.329',,,0,50,50,0,100,FOG BUT OK VISIBILITY
TELL,1,19,5,DS,KW,7-Jun-19,10:57,40,,3,3,0,1000,1000,310,2,N65° 07.908' W166° 19.677',,,0,80,20,0,100,
TELL,1,6,5,KW,DS,8-Jun-19,4:21,29,,3,1,0,1000,1000,311,2,N65° 06.668' W166° 22.510',,,0,100,0,0,100,
TELL,1,6,8,KW,DS,8-Jun-19,4:50,30,,3,0,1,500,203,312,2,N65° 07.011' W166° 23.166',,,0,100,0,0,100,
TELL,1,6,11,KW,DS,8-Jun-19,5:18,30,,"0,3",0,0,1000,1000,313,2,N65° 07.344' W166° 23.820',,,0,100,0,0,100,
TELL,1,6,14,KW,DS,8-Jun-19,5:50,32,,0,0,0,1000,1000,316,2,N65° 07.685' W166° 24.463',,,0,100,0,0,100,
TELL,1,6,12,KW,DS,8-Jun-19,6:20,35,,0,0,0,1000,1000,317,2,N65° 07.371' W166° 25.166',,,0,100,0,0,100,
TELL,1,6,10,KW,DS,8-Jun-19,6:57,45,,0,5,0,1000,1000,318,2,N65° 07.061' W166° 25.874',,,0,100,0,0,100,
TELL,1,6,9,KW,DS,8-Jun-19,7:38,49,,0,2,0,1000,1000,319,2,N65° 07.031' W166° 24.497',,,0,100,0,0,100,
TELL,1,6,6,KW,DS,8-Jun-19,8:05,42,,0,1,2,15,130,320,2,N65° 06.698' W166° 23.867',,,0,90,10,0,100,
TELL,1,6,2,KW,DS,8-Jun-19,8:35,48,,0,3,0,1000,1000,321,2,N65° 06.360' W166° 23.219',,,0,100,0,0,100,
TELL,1,6,1,KW,DS,8-Jun-19,9:30,51,,0,2,2,100,169,324,2,N65° 06.372' W166° 21.862',,,0,80,20,0,100,
TELL,5,10,1,DS,KW,10-Jun-19,4:33,53,,0,2,0,1000,1000,325,2,N64° 36.215' W165° 34.799',,,0,90,10,0,100,50% SNOW
TELL,5,10,2,DS,KW,10-Jun-19,5:05,53,,0,5,2,70,29,326,2,N64° 36.520' W165° 34.093',,,0,50,30,20,100,
TELL,5,10,3,DS,KW,10-Jun-19,5:41,52,,0,5,0,1000,1000,327,2,N64° 36.826' W165° 33.388',,,0,95,5,0,100,
TELL,5,10,5,DS,KW,10-Jun-19,6:16,54,,0,2,0,1000,1000,328,2,N64° 37.129' W165° 32.685',,,50,50,0,0,100,60% SNOW & SUN!
TELL,5,10,9,DS,KW,10-Jun-19,6:49,56,,0,0,1,200,53,329,2,N64° 37.439' W165° 33.343',,,0,90,10,0,100,
TELL,5,10,6,DS,KW,10-Jun-19,7:26,54,,0,6,0,1000,1000,330,2,N64° 37.162' W165° 34.030',,,0,80,20,0,100,
TELL,5,10,10,DS,KW,10-Jun-19,7:57,55,,0,4,0,1000,1000,331,2,N64° 37.498' W165° 34.663',,,0,90,10,0,100,40 % SNOW
TELL,5,10,7,DS,KW,10-Jun-19,8:28,57,,0,1,0,1000,1000,332,2,N64° 37.194' W165° 35.364',,,20,70,10,0,100,
TELL,5,10,4,DS,KW,10-Jun-19,9:13,60,,0,0,0,1000,1000,333,2,N64° 36.860' W165° 34.733',,,0,70,20,10,100,
COUN,2,17,19,KW,DS,11-Jun-19,4:25,41,,1,3,1,64,6,334,2,N64° 44.567' W163° 53.308',,,50,0,50,0,100,
COUN,2,17,17,KW,DS,11-Jun-19,5:15,52,,1,2,0,1000,1000,335,2,N64° 44.262' W163° 54.027',,,0,70,30,0,100,
COUN,2,17,15,KW,DS,11-Jun-19,5:51,53,,1,6,0,1000,1000,336,2,N64° 43.962' W163° 54.753',,,0,90,10,0,100,
COUN,2,17,13,KW,DS,11-Jun-19,6:22,53,,1,6,0,1000,1000,337,2,N64° 43.683' W163° 55.491',,,0,20,80,0,100,
COUN,2,17,11,KW,DS,11-Jun-19,6:57,54,,1,8,1,1000,1000,338,2,N64° 43.364' W163° 56.172',,,0,60,40,0,100,"STICK NEST NEAR POINT, LOOKS UNOCCUPIED"
COUN,2,17,8,KW,DS,11-Jun-19,7:26,55,,1,7,0,1000,1000,339,2,N64° 43.026' W163° 55.549',,,0,50,50,0,100,
COUN,2,17,10,KW,DS,11-Jun-19,7:55,54,,1,3,1,150,99,340,2,N64° 43.326' W163° 54.826',,,0,50,50,0,100,
COUN,2,17,7,KW,DS,11-Jun-19,8:31,54,,2,5,0,1000,1000,341,2,N64° 42.987' W163° 54.166',,,0,10,90,0,100,
COUN,2,17,9,KW,DS,11-Jun-19,9:19,52,,1,7,1,1000,1000,342,2,N64° 43.277' W163° 53.488',,,0,100,0,0,100,
COUN,2,17,14,KW,DS,11-Jun-19,9:55,61,,1,7,0,1000,1000,343,2,N64° 43.920' W163° 53.397',,,0,80,20,0,100,
COUN,1,3,1,DS,KW,12-Jun-19,4:12,44,,2,1,0,1000,1000,344,2,N64° 46.045' W163° 51.080',,,0,0,20,80,100,
COUN,1,3,4,DS,KW,12-Jun-19,4:53,50,,2,6,0,1000,1000,345,2,N64° 46.443' W163° 51.677',,,0,30,60,10,100,
COUN,1,3,7,DS,KW,12-Jun-19,5:25,48,,1,7,1,1000,1000,346,2,N64° 46.788' W163° 52.302',,,20,30,50,0,100,30% SNOW
COUN,1,3,9,DS,KW,12-Jun-19,5:55,48,,1,3,1,1000,1000,347,2,N64° 47.089' W163° 51.578',,,0,30,60,10,100,
COUN,1,3,12,DS,KW,12-Jun-19,6:24,48,,1,5,0,1000,1000,348,2,N64° 47.387' W163° 50.866',,,0,65,35,0,100,
COUN,1,3,14,DS,KW,12-Jun-19,7:01,49,,1,8,1,1000,1000,349,2,N64° 47.686' W163° 50.144',,,10,60,0,30,100,
COUN,1,3,11,DS,KW,12-Jun-19,7:42,52,,1,2,0,1000,1000,350,2,N64° 47.367' W163° 49.584',,,0,0,70,30,100,
COUN,1,3,8,DS,KW,12-Jun-19,8:41,54,,1,9,1,1000,1000,351,2,N64° 47.041' W163° 50.236',,,0,30,50,20,100,
COUN,1,3,6,DS,KW,12-Jun-19,9:18,56,,1,4,0,1000,1000,352,2,N64° 46.746' W163° 50.955',,,0,10,90,0,100,
COUN,1,3,3,DS,KW,12-Jun-19,9:48,56,,1,3,0,1000,1000,353,2,N64° 46.412' W163° 50.347',,,0,0,100,0,100,
COUN,4,19,1,KW,DS,15-Jun-19,4:02,50,,0,9,1,1000,1000,354,2,N64° 39.809' W164° 26.358',,,0,20,80,0,100,
COUN,4,19,4,KW,DS,15-Jun-19,4:42,51,,0,5,1,1000,1000,356,2,N64° 40.148' W164° 26.991',,,0,40,60,0,100,
COUN,4,19,5,KW,DS,15-Jun-19,5:11,50,,0,5,1,60,45,357,2,N64° 40.441' W164° 26.334',,,0,20,80,0,100,
COUN,4,19,8,KW,DS,15-Jun-19,5:56,46,,0,1,0,1000,1000,358,2,N64° 40.792' W164° 26.901',,,0,0,100,0,100,
COUN,4,19,13,KW,DS,15-Jun-19,6:35,48,,0,10,2,1000,1000,359,2,N64° 41.132' W164° 27.528',,,0,50,50,0,100,
COUN,4,19,16,KW,DS,15-Jun-19,7:18,40,,0,9,2,1000,1000,360,2,N64° 41.473' W164° 28.158',,,100,0,0,0,100,
COUN,4,19,9,KW,DS,15-Jun-19,8:12,49,,0,9,2,1000,1000,362,2,N64° 40.832' W164° 28.236',,,0,20,80,0,100,
COUN,4,19,6,KW,DS,15-Jun-19,9:22,55,,0,8,2,1000,1000,364,2,N64° 40.489' W164° 27.619',,,0,50,50,0,100,
COUN,4,19,2,KW,DS,15-Jun-19,9:59,56,,0,15,3,1000,1000,365,2,N64° 39.848' W164° 27.692',,,0,70,30,0,100,
TELL,2,18,29,KW,DS,18-Jun-19,4:28,42,,0,0,0,500,43,377,2,N64° 58.937' W166° 08.970',,,0,100,0,0,100,
TELL,2,18,24,KW,DS,18-Jun-19,5:02,44,,0,5,0,1000,1000,379,2,N64° 58.603' W166° 08.319',,,0,100,0,0,100,
TELL,2,18,20,KW,DS,18-Jun-19,5:32,53,,0,7,0,1000,1000,380,2,N64° 58.260' W166° 07.668',,,40,60,0,0,100,
TELL,2,18,16,KW,DS,18-Jun-19,6:11,51,,0,4,0,1000,1000,381,2,N64° 57.926' W166° 07.033',,,20,80,0,0,100,
TELL,2,18,8,KW,DS,18-Jun-19,6:54,48,,0,10,2,1000,1000,382,2,N64° 57.323' W166° 07.171',,,80,20,0,0,100,
TELL,2,18,12,KW,DS,18-Jun-19,7:27,51,,1,3,1,600,39,383,2,N64° 57.573' W166° 06.362',,,100,0,0,0,100,100% SNOW
TELL,2,18,15,KW,DS,18-Jun-19,7:57,53,,1,3,0,1000,1000,384,2,N64° 57.898' W166° 05.674',,,0,100,0,0,100,
TELL,2,18,19,KW,DS,18-Jun-19,8:27,57,,0,3,1,70,67,385,2,N64° 58.222' W166° 06.408',,,80,20,0,0,100,
TELL,2,18,23,KW,DS,18-Jun-19,9:21,58,,0,5,0,1000,1000,386,2,N64° 58.573' W166° 07.012',,,0,50,50,0,100,
TELL,2,18,28,KW,DS,18-Jun-19,9:49,60,,0,6,0,1000,1000,387,2,N64° 58.913' W166° 07.615',,,0,100,0,0,100,
KOUG,5,17,5,DS,KW,17-Jun-19,4:15,42,,1,2,0,1000,1000,366,2,N64° 34.099' W165° 14.215',,,0,0,80,20,100,
KOUG,5,17,7,DS,KW,17-Jun-19,4:45,42,,1,2,0,1000,1000,367,2,N64° 34.382' W165° 13.497',,,0,0,20,80,100,
KOUG,5,17,4,DS,KW,17-Jun-19,5:16,41,,0,3,0,1000,1000,368,2,N64° 34.052' W165° 12.857',,,0,0,50,50,100,
KOUG,5,17,1,DS,KW,17-Jun-19,5:48,39,,0,0,0,1000,1000,369,2,N64° 33.710' W165° 12.209',,,0,90,10,0,100,
KOUG,5,17,3,DS,KW,17-Jun-19,6:20,40,,0,1,0,1000,1000,371,2,N64° 34.012' W165° 11.509',,,0,95,5,0,100,
KOUG,5,17,6,DS,KW,17-Jun-19,6:50,44,,0,2,0,1000,1000,372,2,N64° 34.355' W165° 12.140',,,0,100,0,0,100,
KOUG,5,17,8,DS,KW,17-Jun-19,7:18,48,,0,4,0,1000,1000,373,2,N64° 34.688' W165° 12.776',,,0,100,0,0,100,
KOUG,5,17,11,DS,KW,17-Jun-19,7:48,56,,0,5,0,1000,1000,374,2,N64° 35.030' W165° 13.412',,,0,80,20,0,100,
KOUG,5,17,14,DS,KW,17-Jun-19,8:17,60,,0,4,0,1000,1000,375,2,N64° 35.367' W165° 14.042',,,0,80,20,0,100,
KOUG,5,17,9,DS,KW,17-Jun-19,8:52,65,,0,3,0,1000,1000,376,2,N64° 34.727' W165° 14.120',,,0,80,20,0,100,
TELL,1,3,13,DS,KW,19-Jun-19,4:22,53,,0,4,0,1000,1000,388,2,N65° 07.524' W166° 16.229',,,0,95,5,0,100,
TELL,1,3,17,DS,KW,19-Jun-19,4:46,53,,0,5,0,1000,1000,389,2,N65° 07.823' W166° 15.602',,,0,70,30,0,100,
TELL,1,3,21,DS,KW,19-Jun-19,5:12,53,,0,2,0,1000,1000,390,2,N65° 08.124' W166° 14.854',,,0,100,0,0,100,
TELL,1,3,16,DS,KW,19-Jun-19,5:38,55,,0,0,0,1000,1000,391,2,N65° 07.794' W166° 14.242',,,0,100,0,0,100,
TELL,1,3,20,DS,KW,19-Jun-19,6:05,53,,0,1,0,1000,1000,392,2,N65° 08.102' W166° 13.538',,,0,70,30,0,100,
TELL,1,3,15,DS,KW,19-Jun-19,6:30,49,,0,0,0,1000,1000,393,2,N65° 07.765' W166° 12.889',,,0,20,80,0,100,
TELL,1,3,11,DS,KW,19-Jun-19,7:06,57,,0,0,0,1000,1000,394,2,N65° 07.455' W166° 13.596',,,0,60,40,0,100,
TELL,1,3,8,DS,KW,19-Jun-19,7:35,58,,0,3,0,1000,1000,395,2,N65° 07.146' W166° 14.308',,,0,30,70,0,100,
TELL,1,3,12,DS,KW,19-Jun-19,8:07,62,,0,4,0,1000,1000,396,2,N65° 07.481' W166° 14.990',,,0,60,40,0,100,
TELL,1,3,9,DS,KW,19-Jun-19,8:35,62,,0,4,0,1000,1000,397,2,N65° 07.177' W166° 15.673',,,0,100,0,0,100,
COUN,1,14,20,DS,KW,21-Jun-19,4:03,41,,0,1,0,1000,1000,408,2,N64° 50.340' W163° 42.306',,,0,20,30,50,100,
COUN,1,14,17,DS,KW,21-Jun-19,4:34,44,,"2,3",0,0,1000,1000,409,2,N64° 49.982' W163° 41.676',,,0,50,40,10,100,
COUN,1,14,14,DS,KW,21-Jun-19,5:03,43,,"2,3",3,0,1000,1000,410,2,N64° 49.639' W163° 41.056',,,0,70,30,0,100,
COUN,1,14,10,DS,KW,21-Jun-19,5:32,41,,"2,3",0,0,1000,1000,411,2,N64° 49.294' W163° 40.435',,,0,90,10,0,100,
COUN,1,14,11,DS,KW,21-Jun-19,6:08,41,,"2,3",3,0,1000,1000,412,2,N64° 49.347' W163° 41.801',,,0,60,40,0,100,
COUN,1,14,15,DS,KW,21-Jun-19,6:40,43,,"1,3",2,0,1000,1000,413,2,N64° 49.672' W163° 42.394',,,0,40,20,40,100,
COUN,1,14,18,DS,KW,21-Jun-19,7:25,48,,3,2,0,1000,1000,414,2,N64° 50.031' W163° 43.032',,,0,100,0,0,100,
COUN,2,1,5,KW,DS,20-Jun-19,4:18,50,,1,3,1,300,159,398,2,N64° 44.351' W163° 56.715',,,0,20,50,30,100,
COUN,2,1,9,KW,DS,20-Jun-19,4:49,56,,1,2,0,1000,1000,399,2,N64° 44.695' W163° 57.338',,,0,90,10,0,100,
COUN,2,1,12,KW,DS,20-Jun-19,5:24,55,,1,2,0,1000,1000,400,2,N64° 45.038' W163° 57.963',,,10,70,20,0,100,SQUIRREL DEN NEAR POINT
COUN,2,1,16,KW,DS,20-Jun-19,6:01,54,,1,6,0,1000,1000,401,2,N64° 45.382' W163° 58.593',,,70,30,0,0,100,
COUN,2,1,19,KW,DS,20-Jun-19,6:31,54,,1,4,0,1000,1000,402,2,N64° 45.727' W163° 59.218',,,0,80,20,0,100,
COUN,2,1,17,KW,DS,20-Jun-19,7:09,57,,0,0,0,1000,1000,403,2,N64° 45.424' W163° 59.933',,,0,95,5,0,100,
COUN,2,1,13,KW,DS,20-Jun-19,7:37,58,,0,2,0,1000,1000,404,2,N64° 45.079' W163° 59.303',,,50,50,0,0,100,
COUN,2,1,10,KW,DS,20-Jun-19,8:04,59,,0,1,0,1000,1000,405,2,N64° 44.736' W163° 58.675',,,40,50,10,0,100,
COUN,2,1,6,KW,DS,20-Jun-19,8:56,62,,0,2,0,1000,1000,406,2,N64° 44.395' W163° 58.050',,,0,0,100,0,100,
COUN,2,1,2,KW,DS,20-Jun-19,9:37,63,,0,3,2,50,210,407,2,N64° 44.073' W163° 57.401',,,0,0,70,30,100,
KOUG,5,21,21,KW,DS,25-Jun-19,4:17,54,,2,3,0,1000,1000,415,2,N64° 33.371' W165° 11.583',,,0,100,0,0,100,
KOUG,5,21,22,KW,DS,25-Jun-19,4:52,55,,2,1,0,1000,1000,417,2,N64° 33.679' W165° 10.860',,,0,20,80,0,100,
KOUG,5,21,20,KW,DS,25-Jun-19,5:20,56,,2,0,0,1000,1000,418,2,N64° 33.336' W165° 10.239',,,0,30,70,0,100,
KOUG,5,21,17,KW,DS,25-Jun-19,5:49,58,,2,3,0,1000,1000,419,2,N64° 32.996' W165° 09.610',,,0,100,0,0,100,
KOUG,5,21,19,KW,DS,25-Jun-19,6:18,57,,2,4,0,1000,1000,420,2,N64° 33.299' W165° 08.901',,,0,100,0,0,100,
KOUG,5,21,16,KW,DS,25-Jun-19,6:55,55,,2,4,0,1000,1000,421,2,N64° 32.962' W165° 08.260',,,0,100,0,0,100,
KOUG,5,21,13,KW,DS,25-Jun-19,7:25,58,,2,1,0,1000,1000,422,2,N64° 32.658' W165° 08.984',,,0,100,0,0,100,
KOUG,5,21,11,KW,DS,25-Jun-19,7:59,57,,2,2,0,1000,1000,423,2,N64° 32.353' W165° 09.690',,,0,80,20,0,100,
KOUG,5,21,12,KW,DS,25-Jun-19,8:32,55,,2,3,0,1000,1000,424,2,N64° 32.391' W165° 11.023',,,20,60,20,0,100,
KOUG,5,21,15,KW,DS,25-Jun-19,9:19,58,,2,3,0,1000,1000,425,2,N64° 32.730' W165° 11.656',,,0,60,40,0,100,
KOUG,3,29,22,DS,KW,26-Jun-19,3:59,58,,2,3,0,1000,1000,426,2,N64° 57.772' W164° 44.315',,,0,30,70,0,100,
KOUG,3,29,20,DS,KW,26-Jun-19,4:48,56,,"2,4",0,1,400,203,427,2,N64° 57.479' W164° 45.013',,,0,0,90,10,100,
KOUG,3,29,18,DS,KW,26-Jun-19,5:48,55,,"2,4",0,1,1000,1000,428,2,N64° 57.166' W164° 45.744',,,0,40,60,0,100,
KOUG,3,29,21,DS,KW,26-Jun-19,6:25,56,,"2,4",1,0,1000,1000,429,2,N64° 57.510' W164° 46.383',,,0,20,80,0,100,
KOUG,5,10,6,DS,KW,1-Jul-19,4:36,48,,2,4,0,1000,1000,441,2,N64° 30.653' W165° 17.921',,,0,70,30,0,100,
KOUG,5,10,5,DS,KW,1-Jul-19,5:09,47,,"2,4",6,0,1000,1000,442,2,N64° 30.612' W165° 16.604',,,0,90,10,0,100,
KOUG,5,10,2,DS,KW,1-Jul-19,5:39,47,,"2,4",4,0,1000,1000,443,2,N64° 30.272' W165° 15.970',,,0,90,10,0,100,
KOUG,5,10,4,DS,KW,1-Jul-19,6:06,47,,"2,4",9,0,1000,1000,444,2,N64° 30.575' W165° 15.261',,,0,70,30,0,100,
KOUG,5,10,1,DS,KW,1-Jul-19,6:34,47,,"2,4",7,0,1000,1000,445,2,N64° 30.236' W165° 14.630',,,0,100,0,0,100,
KOUG,5,10,3,DS,KW,1-Jul-19,7:07,46,,"2,4",8,0,1000,1000,446,2,N64° 30.540' W165° 13.926',,,0,90,10,0,100,
KOUG,5,10,7,DS,KW,1-Jul-19,7:34,47,,"2,4",6,0,1000,1000,447,2,N64° 30.835' W165° 14.506',,,0,50,50,0,100,
KOUG,5,10,8,DS,KW,1-Jul-19,8:09,47,,"2,4",9,0,1000,1000,448,2,N64° 30.913' W165° 15.899',,,0,30,70,0,100,
KOUG,5,10,11,DS,KW,1-Jul-19,8:39,46,,2,5,1,261,310,449,2,N64° 31.251' W165° 16.531',,,0,50,10,40,100,RD NOISE!  300M FROM DUMP!
KOUG,5,10,9,DS,KW,1-Jul-19,9:07,47,,"2,4",6,0,1000,1000,450,2,N64° 30.946' W165° 17.238',,,0,100,0,0,100,
COUN,2,15,1,KW,DS,28-Jun-19,4:34,56,,0,3,0,1000,1000,430,2,N64° 45.173' W164° 02.003',,,10,90,0,0,100,
COUN,2,15,2,KW,DS,28-Jun-19,5:04,54,,0,4,1,100,160,431,2,N64° 45.534' W164° 02.610',,,0,90,10,0,100,
COUN,2,15,5,KW,DS,28-Jun-19,5:29,54,,0,2,1,293,266,432,2,N64° 45.855' W164° 03.254',,,0,90,10,0,100,
COUN,2,15,8,KW,DS,28-Jun-19,5:54,59,,0,2,0,1000,1000,433,2,N64° 46.154' W164° 02.528',,,0,95,5,0,100,
COUN,2,15,13,KW,DS,28-Jun-19,6:23,60,,0,0,0,1000,1000,434,2,N64° 46.505' W164° 03.170',,,0,90,10,0,100,
COUN,2,15,17,KW,DS,28-Jun-19,6:49,64,,0,0,0,1000,1000,435,2,N64° 46.797' W164° 02.444',,,0,80,20,0,100,
COUN,2,15,12,KW,DS,28-Jun-19,7:21,67,,0,2,0,1000,1000,436,2,N64° 46.452' W164° 01.815',,,0,100,0,0,100,
COUN,2,15,16,KW,DS,28-Jun-19,8:06,69,,0,2,0,1000,1000,437,2,N64° 46.701' W164° 00.981',,,0,90,10,0,100,
COUN,2,15,7,KW,DS,28-Jun-19,8:42,73,,0,1,1,64,93,439,2,N64° 46.146' W164° 01.211',,,0,80,20,0,100,
COUN,2,15,4,KW,DS,28-Jun-19,9:24,65,,0,4,0,1000,1000,440,2,N64° 45.812' W164° 01.905',,,90,10,0,0,100,
TELL,4,5,11,DS,KW,5-Jul-19,4:31,50,,"2,3",1,0,1000,1000,461,2,N64° 42.801' W165° 53.632',,,0,40,60,0,100,AVA EARTHMAN JOINED PREY CREW FOR THE MORNING
TELL,4,5,8,DS,KW,5-Jul-19,5:07,50,,"2,3",0,0,1000,1000,462,2,N64° 42.444' W165° 53.000',,,0,60,40,0,100,
TELL,4,5,7,DS,KW,5-Jul-19,5:36,49,,"2,3",0,0,1000,1000,463,2,N64° 42.174' W165° 53.645',,,0,30,70,0,100,
TELL,4,5,9,DS,KW,5-Jul-19,6:03,49,,"2,3",0,0,1000,1000,464,2,N64° 42.480' W165° 54.358',,,0,100,0,0,100,
TELL,4,5,10,DS,KW,5-Jul-19,6:41,49,,"2,3,4",2,0,1000,1000,465,2,N64° 42.505' W165° 55.697',,,0,70,30,0,100,
TELL,4,5,12,DS,KW,5-Jul-19,7:18,49,,2,3,0,1000,1000,466,2,N64° 42.813' W165° 54.992',,,0,100,0,0,100,
TELL,4,5,15,DS,KW,5-Jul-19,7:48,50,,"2,3,4",4,0,1000,1000,467,2,N64° 43.118' W165° 54.285',,,0,100,0,0,100,
TELL,4,5,18,DS,KW,5-Jul-19,8:18,50,,"2,3",4,0,1000,1000,469,2,N64° 43.425' W165° 53.581',,,0,100,0,0,100,
TELL,4,5,14,DS,KW,5-Jul-19,8:47,49,,"2,3,4",4,0,1000,1000,470,2,N64° 43.087' W165° 52.941',,,0,100,0,0,100,
COUN,5,2,20,KW,DS,4-Jul-19,4:22,49,,2,2,0,1000,1000,451,2,N64° 34.154' W165° 16.860',,,0,80,20,0,100,
COUN,5,2,18,KW,DS,4-Jul-19,4:52,50,,0,0,1,1000,1000,452,2,N64° 33.845' W165° 17.575',,,0,90,10,0,100,
COUN,5,2,16,KW,DS,4-Jul-19,5:27,48,,2,3,0,1000,1000,453,2,N64° 33.546' W165° 18.282',,,20,80,0,0,100,
COUN,5,2,19,KW,DS,4-Jul-19,5:56,45,,2,4,0,1000,1000,454,2,N64° 33.891' W165° 18.917',,,0,100,0,0,100,
COUN,5,2,17,KW,DS,4-Jul-19,6:24,47,,2,5,0,1000,1000,455,2,N64° 33.583' W165° 19.636',,,0,60,40,0,100,
COUN,5,2,14,KW,DS,4-Jul-19,6:56,47,,3,3,0,1000,1000,456,2,N64° 33.245' W165° 18.992',,,0,95,5,0,100,
COUN,5,2,11,KW,DS,4-Jul-19,7:23,47,,3,3,0,1000,1000,457,2,N64° 32.940' W165° 19.704',,,80,20,0,0,100,
COUN,5,2,7,KW,DS,4-Jul-19,7:57,51,,"3,4",2,0,1000,1000,458,2,N64° 32.599' W165° 19.051',,,10,80,10,0,100,
COUN,5,2,10,KW,DS,4-Jul-19,8:27,49,,3,2,0,1000,1000,459,2,N64° 32.905' W165° 18.339',,,0,60,40,0,100,
COUN,5,2,13,KW,DS,4-Jul-19,8:55,48,,"3,4",3,0,1000,1000,460,2,N64° 33.209' W165° 17.653',,,0,98,2,0,100,
KOUG,5,13,5,DS,KW,7-Jul-19,4:26,60,,0,3,0,1000,1000,482,2,N64° 53.305' W165° 22.112',,,10,80,10,0,100,
KOUG,5,13,9,DS,KW,7-Jul-19,5:13,64,,0,10,0,1000,1000,483,2,N64° 53.647' W165° 22.762',,,50,50,0,0,100,
KOUG,5,13,10,DS,KW,7-Jul-19,5:56,62,,0,2,1,400,334,484,2,N64° 53.677' W165° 24.104',,,30,70,0,0,100,
KOUG,5,13,7,DS,KW,7-Jul-19,6:23,62,,0,3,2,200,267,485,2,N64° 53.377' W165° 24.819',,,30,70,0,0,100,
KOUG,5,13,4,DS,KW,7-Jul-19,6:52,64,,0,8,2,300,338,486,2,N64° 53.069' W165° 25.528',,,50,50,0,0,100,
KOUG,5,13,2,DS,KW,7-Jul-19,7:24,62,,0,2,1,274,222,487,2,N64° 52.760' W165° 24.895',,,0,100,0,0,100,
KOUG,5,13,3,DS,KW,7-Jul-19,7:54,67,,0,1,1,600,163,488,2,N64° 53.036' W165° 24.180',,,40,60,0,0,100,
KOUG,5,13,6,DS,KW,7-Jul-19,8:39,68,,0,12,1,1000,1000,490,2,N64° 53.341' W165° 23.469',,,40,60,0,0,100,
TELL,2,11,10,DS,KW,11-Jul-19,4:58,53,,0,0,0,1000,1000,502,2,N65° 03.130' W166° 07.887',,,0,100,0,0,100,
TELL,2,11,7,DS,KW,11-Jul-19,5:28,52,,0,3,0,1000,1000,503,2,N65° 02.789' W166° 07.234',,,0,100,0,0,100,
TELL,2,11,9,DS,KW,11-Jul-19,5:59,53,,0,4,1,800,133,504,2,N65° 03.095' W166° 06.537',,,0,100,0,0,100,
TELL,2,11,6,DS,KW,11-Jul-19,6:24,50,,0,3,2,610,154,505,2,N65° 02.874' W166° 06.038',,,0,100,0,0,100,
TELL,2,11,12,DS,KW,11-Jul-19,6:55,55,,0,0,0,1000,1000,506,2,N65° 03.414' W166° 05.853',,,0,70,30,0,100,
TELL,2,11,16,DS,KW,11-Jul-19,7:26,59,,0,4,0,1000,1000,507,2,N65° 03.740' W166° 06.471',,,0,100,0,0,100,
TELL,2,11,13,DS,KW,11-Jul-19,7:52,59,,0,4,0,1000,1000,508,2,N65° 03.430' W166° 07.178',,,0,100,0,0,100,
TELL,2,11,21,DS,KW,11-Jul-19,8:22,62,,0,0,0,1000,1000,509,2,N65° 04.025' W166° 07.130',,,0,40,20,40,100,
TELL,2,11,17,DS,KW,11-Jul-19,8:48,64,,0,0,0,1000,1000,510,2,N65° 03.766' W166° 07.833',,,0,100,0,0,100,
TELL,2,11,14,DS,KW,11-Jul-19,9:12,65,,0,2,0,1000,1000,511,2,N65° 03.458' W166° 08.484',,,0,100,0,0,100,
KOUG,5,6,25,KW,DS,6-Jul-19,4:41,52,,1,0,0,1000,1000,471,2,N64° 52.601' W165° 19.466',,,0,70,30,0,100,
KOUG,5,6,29,KW,DS,6-Jul-19,5:11,59,,1,1,0,1000,1000,472,2,N64° 52.936' W165° 20.146',,,50,50,0,0,100,
KOUG,5,6,30,KW,DS,6-Jul-19,5:50,62,,1,3,0,1000,1000,473,2,N64° 52.970' W165° 21.489',,,NA,NA,NA,NA,NA,FORGOT TO WRITE HABITAT DATA
KOUG,5,6,27,KW,DS,6-Jul-19,6:18,55,,1,8,1,400,306,474,2,N64° 52.661' W165° 22.193',,,30,60,10,0,100,
KOUG,5,6,23,KW,DS,6-Jul-19,6:55,54,,1,5,1,400,344,475,2,N64° 52.358' W165° 22.908',,,60,40,0,0,100,
KOUG,5,6,19,KW,DS,6-Jul-19,7:28,59,,1,2,2,340,96,476,2,N64° 52.051' W165° 23.619',,,90,10,0,0,100,
KOUG,5,6,14,KW,DS,6-Jul-19,8:12,60,,1,3,0,1000,1000,477,2,N64° 51.711' W165° 22.978',,,0,100,0,0,100,
KOUG,5,6,18,KW,DS,6-Jul-19,8:45,60,,1,3,0,1000,1000,478,2,N64° 52.017' W165° 22.270',,,20,80,0,0,100,
KOUG,5,6,13,KW,DS,6-Jul-19,9:32,68,,1,2,0,1000,1000,479,2,N64° 51.675' W165° 21.628',,,20,50,30,0,100,
KOUG,5,6,17,KW,DS,6-Jul-19,10:00,64,,1,8,0,1000,1000,480,2,N64° 51.983' W165° 20.916',,,0,100,0,0,100,
KOUG,5,6,21,KW,DS,6-Jul-19,10:30,64,,1,5,0,1000,1000,481,2,N64° 52.288' W165° 20.198',,,0,100,0,0,100,
KOUG,3,21,17,DS,KW,14-Jul-19,5:00,49,,"1,3",0,0,1000,1000,519,2,N64° 57.194' W164° 42.900',,,0,40,60,0,100,VERY THICK BUSHES SO COULDN'T GET TO ACTUAL POINT.  DO IT 200 M ON EDGE OF THICK WILLOW FOREST.
KOUG,3,21,12,DS,KW,14-Jul-19,5:43,53,,2,0,0,1000,1000,520,2,N64° 56.754' W164° 42.419',,,0,10,90,0,100,
KOUG,3,21,16,DS,KW,14-Jul-19,6:09,53,,2,0,0,1000,1000,521,2,N64° 57.048' W164° 41.694',,,0,100,0,0,100,
KOUG,3,21,11,DS,KW,14-Jul-19,6:41,51,,2,3,2,200,121,523,2,N64° 56.711' W164° 41.052',,,0,40,60,0,100,VISUAL OF LARGE STICK NEST ON ROCK WALL ACROSS IRON CREEK.  DO NOT SEE ANY GOEA.
KOUG,3,21,7,DS,KW,14-Jul-19,7:23,56,,2,2,1,500,84,526,2,N64° 56.408' W164° 41.773',,,80,20,0,0,100,
KOUG,3,21,3,DS,KW,14-Jul-19,8:00,56,,2,0,0,1000,1000,531,2,N64° 56.127' W164° 42.512',,,20,60,0,20,100,
KOUG,3,21,1,DS,KW,14-Jul-19,8:34,59,,1,1,0,1000,1000,534,2,N64° 55.801' W164° 43.209',,,0,60,40,0,100,
KOUG,3,21,4,DS,KW,14-Jul-19,9:07,59,,1,0,0,1000,1000,536,2,N64° 56.148' W164° 43.806',,,0,50,50,0,100,
KOUG,3,21,9,DS,KW,14-Jul-19,9:35,60,,1,4,0,1000,1000,537,2,N64° 56.485' W164° 44.478',,,0,40,60,0,100,
KOUG,3,21,13,DS,KW,14-Jul-19,10:03,63,,1,2,0,1000,1000,538,2,N64° 56.788' W164° 43.762',,,0,40,60,0,100,
TELL,3,17,27,KW,DS,10-Jul-19,4:58,66,,0,4,0,1000,1000,491,2,N64° 49.299' W166° 11.235',,,0,100,0,0,100,
TELL,3,17,24,KW,DS,10-Jul-19,5:25,64,,0,2,0,1000,1000,492,2,N64° 48.989' W166° 11.941',,,0,100,0,0,100,
TELL,3,17,28,KW,DS,10-Jul-19,5:53,63,,0,2,0,1000,1000,493,2,N64° 49.328' W166° 12.584',,,0,100,0,0,100,
TELL,3,17,25,KW,DS,10-Jul-19,6:20,62,,0,0,0,1000,1000,494,2,N64° 49.019' W166° 13.290',,,0,100,0,0,100,
TELL,3,17,21,KW,DS,10-Jul-19,6:46,64,,0,3,0,1000,1000,495,2,N64° 48.682' W166° 12.642',,,0,100,0,0,100,
TELL,3,17,17,KW,DS,10-Jul-19,7:14,69,,0,1,0,1000,1000,496,2,N64° 48.346' W166° 12.000',,,0,100,0,0,100,
TELL,3,17,13,KW,DS,10-Jul-19,7:43,70,,0,4,0,1000,1000,497,2,N64° 48.008' W166° 11.354',,,0,100,0,0,100,
TELL,3,17,16,KW,DS,10-Jul-19,8:13,71,,0,5,0,1000,1000,498,2,N64° 48.321' W166° 10.646',,,0,100,0,0,100,
TELL,3,17,20,KW,DS,10-Jul-19,8:42,73,,0,5,0,1000,1000,499,2,N64° 48.661' W166° 11.306',,,0,100,0,0,100,
TELL,3,17,23,KW,DS,10-Jul-19,9:32,75,,0,3,0,1000,1000,501,2,N64° 48.961' W166° 10.590',,,0,100,0,0,100,
KOUG,1,15,29,KW,DS,13-Jul-19,4:56,51,,2,4,0,1000,1000,512,2,N65° 25.371' W164° 44.225',,,0,100,0,0,100,
KOUG,1,15,26,KW,DS,13-Jul-19,5:29,54,,2,2,0,1000,1000,513,2,N65° 25.064' W164° 44.960',,,0,60,40,0,100,
KOUG,1,15,23,KW,DS,13-Jul-19,6:09,52,,"2,3",3,0,1000,1000,514,2,N65° 24.760' W164° 45.670',,,0,100,0,0,100,
KOUG,1,15,20,KW,DS,13-Jul-19,6:45,53,,"2,3",3,0,1000,1000,515,2,N65° 24.456' W164° 46.392',,,0,100,0,0,100,
KOUG,1,15,24,KW,DS,13-Jul-19,7:27,53,,3,1,0,1000,1000,516,2,N65° 24.813' W164° 47.088',,,0,100,0,0,100,
KOUG,1,15,27,KW,DS,13-Jul-19,8:05,53,,2,4,0,1000,1000,517,2,N65° 25.104' W164° 46.307',,,0,100,0,0,100,
KOUG,1,15,30,KW,DS,13-Jul-19,8:40,54,,1,4,0,1000,1000,518,2,N65° 25.415' W164° 45.584',,,0,40,60,0,100,
TELL,2,22,21,KW,DS,16-Jul-19,4:43,48,,"2,3",5,0,1000,1000,539,2,N64° 59.786' W166° 18.384',,,0,100,0,0,100,
TELL,2,22,23,KW,DS,16-Jul-19,5:08,50,,"2,3",5,0,1000,1000,540,2,N65° 00.124' W166° 19.038',,,0,100,0,0,100,
TELL,2,22,26,KW,DS,16-Jul-19,5:32,49,,"2,3,",6,0,1000,1000,541,2,N65° 00.462' W166° 19.682',,,0,100,0,0,100,
TELL,2,22,28,KW,DS,16-Jul-19,5:56,49,,2,8,0,1000,1000,542,2,N65° 00.775' W166° 18.983',,,0,100,0,0,100,
TELL,2,22,31,KW,DS,16-Jul-19,6:21,50,,2,6,0,1000,1000,543,2,N65° 01.106' W166° 19.622',,,0,100,0,0,100,
TELL,2,22,33,KW,DS,16-Jul-19,6:46,50,,"2,3",8,0,1000,1000,544,2,N65° 01.444' W166° 20.273',,,0,100,0,0,100,
TELL,2,22,29,KW,DS,16-Jul-19,7:16,48,,"2,3",9,0,1000,1000,546,2,N65° 00.796' W166° 20.323',,,0,100,0,0,100,
TELL,2,22,27,KW,DS,16-Jul-19,7:38,49,,"2,3",7,0,1000,1000,547,2,N65° 00.488' W166° 21.038',,,0,100,0,0,100,
TELL,2,22,24,KW,DS,16-Jul-19,8:02,49,,"2,3",7,0,1000,1000,548,2,N65° 00.152' W166° 20.384',,,0,100,0,0,100,
TELL,2,22,22,KW,DS,16-Jul-19,8:29,51,,"2,3",6,0,1000,1000,549,2,N64° 59.814' W166° 19.735',,,0,100,0,0,100,
KOUG,3,16,11,KW,DS,18-Jul-19,4:56,49,,2,2,0,1000,1000,561,2,N65° 02.251' W164° 42.382',,,0,100,0,0,100,
KOUG,3,16,14,KW,DS,18-Jul-19,5:20,50,,2,3,0,1000,1000,562,2,N65° 02.554' W164° 41.668',,,0,100,0,0,100,
KOUG,3,16,10,KW,DS,18-Jul-19,5:46,51,,2,0,0,1000,1000,563,2,N65° 02.211' W164° 41.024',,,0,70,30,0,100,
KOUG,3,16,8,KW,DS,18-Jul-19,6:17,50,,2,1,0,1000,1000,564,2,N65° 01.907' W164° 41.748',,,0,70,30,0,100,
KOUG,3,16,6,KW,DS,18-Jul-19,6:45,54,,2,0,0,1000,1000,565,2,N65° 01.607' W164° 42.465',,,0,20,80,0,100,
KOUG,3,16,4,KW,DS,18-Jul-19,7:14,50,,2,0,2,20,225,566,2,N65° 01.315' W164° 43.154',,,0,40,60,0,100,
KOUG,3,16,3,KW,DS,18-Jul-19,7:58,51,,3,1,0,1000,1000,568,2,N65° 00.998' W164° 43.901',,,100,0,0,0,100,
KOUG,3,16,2,KW,DS,18-Jul-19,8:34,47,,3,13,2,1000,1000,570,2,N65° 00.750' W164° 44.642',,,100,0,0,0,100,
KOUG,3,16,1,KW,DS,18-Jul-19,9:00,48,,3,8,1,160,259,571,2,N65° 00.394' W164° 45.342',,,100,0,0,0,100,
COUN,3,11,38,KW,DS,22-Jul-19,4:46,47,,2,1,1,150,317,581,2,N64° 39.533' W164° 18.213',,,0,40,20,40,100,
COUN,3,11,39,KW,DS,22-Jul-19,5:17,47,,2,3,0,1000,1000,583,2,N64° 39.866' W164° 17.567',,,0,80,20,0,100,
COUN,3,11,37,KW,DS,22-Jul-19,5:46,48,,2,1,0,1000,1000,584,2,N64° 39.516' W164° 16.957',,,0,100,0,0,100,
COUN,3,11,34,KW,DS,22-Jul-19,6:30,47,,2,0,0,1000,1000,585,2,N64° 39.174' W164° 16.330',,,0,50,50,0,100,
COUN,3,11,30,KW,DS,22-Jul-19,6:56,49,,2,1,0,1000,1000,586,2,N64° 38.874' W164° 17.043',,,0,90,10,0,100,
COUN,3,11,25,KW,DS,22-Jul-19,7:24,47,,2,8,0,1000,1000,587,2,N64° 38.533' W164° 16.409',,,0,100,0,0,100,
COUN,3,11,21,KW,DS,22-Jul-19,7:50,47,,2,9,0,1000,1000,588,2,N64° 38.233' W164° 17.132',,,80,20,0,0,100,
COUN,3,11,26,KW,DS,22-Jul-19,8:15,48,,2,1,0,1000,1000,589,2,N64° 38.577' W164° 17.784',,,60,20,20,0,100,
COUN,3,11,31,KW,DS,22-Jul-19,8:43,48,,2,0,0,1000,1000,590,2,N64° 38.918' W164° 18.393',,,20,70,10,0,100,
COUN,3,11,35,KW,DS,22-Jul-19,9:18,50,,2,2,0,1000,1000,591,2,N64° 39.218' W164° 17.641',,,0,50,50,0,100,
COUN,4,12,5,DS,KW,17-Jul-19,4:57,54,,2,4,0,400,180,550,2,N64° 27.464' W165° 06.885',,,0,40,60,0,100,VERY QUIET MORNING!
COUN,4,12,7,DS,KW,17-Jul-19,5:22,54,,2,5,0,1000,1000,551,2,N64° 27.763' W165° 06.197',,,0,100,0,0,100,5:24 - BEAR RUNS BY!  HEADING TOWARDS OCEAN AND TOWN!  IT DIDN'T EVEN SEE US!  13TH GRIZZLY SEEN IN FIELD THIS SEASON!  NOT MUCH VOCALIZING!
COUN,4,12,9,DS,KW,17-Jul-19,5:56,54,,2,6,0,1000,1000,552,2,N64° 28.066' W165° 05.488',,,0,90,10,0,100,
COUN,4,12,13,DS,KW,17-Jul-19,6:31,54,,2,6,0,1000,1000,553,2,N64° 28.405' W165° 06.119',,,0,100,0,0,100,
COUN,4,12,15,DS,KW,17-Jul-19,7:00,54,,2,3,0,1000,1000,554,2,N64° 28.707' W165° 05.411',,,0,90,10,0,100,"7:02 - ANOTHER BEAR, BUSY WITH THE BERRIES!  = 14 NOW!"
COUN,4,12,12,DS,KW,17-Jul-19,7:30,54,,2,5,0,1000,1000,555,2,N64° 28.379' W165° 04.776',,,0,100,0,0,100,
COUN,4,12,8,DS,KW,17-Jul-19,8:05,54,,2,3,0,1000,1000,557,2,N64° 28.028' W165° 04.149',,,0,90,10,0,100,
COUN,4,12,6,DS,KW,17-Jul-19,8:38,52,,2,3,0,1000,1000,558,2,N64° 27.726' W165° 04.860',,,0,100,0,0,100,
COUN,4,12,4,DS,KW,17-Jul-19,9:03,52,,2,3,1,800,180,559,2,N64° 27.424' W165° 05.566',,,0,90,10,0,100,
COUN,4,12,2,DS,KW,17-Jul-19,9:32,54,,2,2,3,50,180,560,2,N64° 27.150' W165° 06.248',,,50,25,25,0,100,BEACH/OCEAN!  SEDGE & WETLANDS - ONLY POINT LIKE THIS!
KOUG,5,25,22,DS,KW,19-Jul-19,4:53,54,,2,1,0,1000,1000,572,2,N64° 37.432' W165° 19.190',,,0,70,30,0,100,SO QUIET THIS AM!  4:39 - WIPT (M) FLUSHED ON THE HIKE IN!
KOUG,5,25,20,DS,KW,19-Jul-19,5:26,53,,2,0,0,1000,1000,573,2,N64° 37.127' W165° 19.899',,,0,30,70,0,100,
KOUG,5,25,19,DS,KW,19-Jul-19,6:02,55,,2,0,0,1000,1000,574,2,N64° 36.838' W165° 20.597',,,0,30,70,0,100,"HIGH CLOUDS, NO WIND AND FOG NOT BAD!"
KOUG,5,25,17,DS,KW,19-Jul-19,6:30,55,,2,1,0,1000,1000,575,2,N64° 36.521' W165° 21.315',,,0,10,90,0,100,
KOUG,5,25,15,DS,KW,19-Jul-19,7:01,54,,2,0,0,1000,1000,576,2,N64° 36.213' W165° 22.021',,,0,40,50,10,100,
KOUG,5,25,11,DS,KW,19-Jul-19,7:32,54,,"2,3",2,0,1000,1000,577,2,N64° 35.899' W165° 21.367',,,0,10,90,0,100,
KOUG,5,25,14,DS,KW,19-Jul-19,8:05,53,,2,3,0,1000,1000,578,2,N64° 36.150' W165° 20.631',,,0,30,70,0,100,
KOUG,5,25,16,DS,KW,19-Jul-19,8:30,54,,2,0,0,1000,1000,579,2,N64° 36.493' W165° 19.988',,,0,70,30,0,100,
KOUG,5,25,18,DS,KW,19-Jul-19,8:55,54,,2,0,0,1000,1000,580,2,N64° 36.792' W165° 19.258',,,0,20,70,10,100,
TELL,3,4,18,DS,KW,23-Jul-19,4:47,50,,2,7,2,150,162,592,2,N64° 52.799' W166° 08.873',,,50,50,0,0,100,
TELL,3,4,14,DS,KW,23-Jul-19,5:15,50,,2,7,1,600,45,593,2,N64° 52.490' W166° 09.581',,,50,50,0,0,100,
TELL,3,4,10,DS,KW,23-Jul-19,5:46,51,,2,6,0,1000,1000,594,2,N64° 52.154' W166° 08.940',,,0,100,0,0,100,
TELL,3,4,7,DS,KW,23-Jul-19,6:20,51,,2,0,0,1000,1000,596,2,N64° 51.848' W166° 09.655',,,0,100,0,0,100,
TELL,3,4,11,DS,KW,23-Jul-19,6:48,51,,2,8,0,1000,1000,597,2,N64° 52.187' W166° 10.283',,,0,100,0,0,100,
TELL,3,4,15,DS,KW,23-Jul-19,7:18,51,,1,6,1,200,114,598,2,N64° 52.521' W166° 10.933',,,50,50,0,0,100,
TELL,3,4,20,DS,KW,23-Jul-19,7:54,51,,2,5,0,1000,1000,600,2,N64° 52.855' W166° 11.579',,,0,100,0,0,100,
TELL,3,4,24,DS,KW,23-Jul-19,8:17,52,,2,8,0,1000,1000,601,2,N64° 53.162' W166° 10.866',,,0,100,0,0,100,
TELL,3,4,19,DS,KW,23-Jul-19,8:42,52,,2,7,1,500,102,602,2,N64° 52.827' W166° 10.229',,,20,80,0,0,100,
TELL,3,4,23,DS,KW,23-Jul-19,9:07,51,,2,12,0,1000,1000,603,2,N64° 53.136' W166° 09.517',,,0,90,10,0,100,ROAD SIDE
