date,sunrise
1-May-21,6:29:00
2-May-21,6:25:00
3-May-21,6:22:00
4-May-21,6:18:00
5-May-21,6:15:00
6-May-21,6:11:00
7-May-21,6:08:00
8-May-21,6:04:00
9-May-21,6:01:00
10-May-21,5:57:00
11-May-21,5:54:00
12-May-21,5:51:00
13-May-21,5:47:00
14-May-21,5:44:00
15-May-21,5:41:00
16-May-21,5:37:00
17-May-21,5:34:00
18-May-21,5:31:00
19-May-21,5:27:00
20-May-21,5:24:00
21-May-21,5:21:00
22-May-21,5:18:00
23-May-21,5:15:00
24-May-21,5:11:00
25-May-21,5:08:00
26-May-21,5:05:00
27-May-21,5:02:00
28-May-21,4:59:00
29-May-21,4:57:00
30-May-21,4:54:00
31-May-21,4:51:00
1-Jun-21,4:48:00
2-Jun-21,4:46:00
3-Jun-21,0:00:00
4-Jun-21,4:41:00
5-Jun-21,4:38:00
6-Jun-21,4:36:00
7-Jun-21,4:34:00
8-Jun-21,4:32:00
9-Jun-21,4:30:00
10-Jun-21,4:28:00
11-Jun-21,4:26:00
12-Jun-21,4:25:00
13-Jun-21,4:23:00
14-Jun-21,4:22:00
15-Jun-21,4:21:00
16-Jun-21,4:20:00
17-Jun-21,4:20:00
18-Jun-21,4:19:00
19-Jun-21,4:19:00
20-Jun-21,4:19:00
21-Jun-21,4:19:00
22-Jun-21,4:19:00
23-Jun-21,4:20:00
24-Jun-21,4:21:00
25-Jun-21,4:22:00
26-Jun-21,4:23:00
27-Jun-21,4:25:00
28-Jun-21,4:26:00
29-Jun-21,4:28:00
30-Jun-21,4:30:00
1-Jul-21,4:32:00
2-Jul-21,4:34:00
3-Jul-21,4:36:00
4-Jul-21,4:39:00
5-Jul-21,4:41:00
6-Jul-21,4:44:00
7-Jul-21,4:46:00
8-Jul-21,4:49:00
9-Jul-21,4:52:00
10-Jul-21,4:55:00
11-Jul-21,4:58:00
12-Jul-21,5:01:00
13-Jul-21,5:04:00
14-Jul-21,5:07:00
15-Jul-21,5:10:00
16-Jul-21,5:14:00
17-Jul-21,5:17:00
18-Jul-21,5:20:00
19-Jul-21,5:23:00
20-Jul-21,5:26:00
21-Jul-21,5:30:00
22-Jul-21,5:33:00
23-Jul-21,5:36:00
24-Jul-21,5:40:00
25-Jul-21,5:43:00
26-Jul-21,5:46:00
27-Jul-21,5:50:00
28-Jul-21,5:53:00
29-Jul-21,5:56:00
30-Jul-21,6:00:00
31-Jul-21,6:03:00
